iteration,n_signaling_actions,n_final_actions,full_information,with_signals,Agent_0_Initial_NMI,Agent_0_NMI,Agent_0_avg_reward,Agent_0_final_reward,Agent_1_Initial_NMI,Agent_1_NMI,Agent_1_avg_reward,Agent_1_final_reward
0,2,4,False,False,0.42355873176533904,0.00023867673186727395,0.4958,0.5,0.1303644572982386,0.0003716316055452588,0.4977,0.54
0,2,4,False,True,0.1376519522651855,0.3500829149508315,0.7059,0.69,0.2322324540190111,0.16568348915309777,0.773,0.76
0,2,4,True,False,0.11136001537615994,0.00015583092922387683,0.9902,1.0,0.3982910493822135,0.0003779451673813588,0.9922,1.0
0,2,4,True,True,0.12087609695543819,0.27033882366525375,0.98,1.0,0.1820455217460819,0.18374972823849323,0.9847,1.0
