iteration,n_signaling_actions,n_final_actions,full_information,with_signals,Agent_0_Initial_NMI,Agent_0_NMI,Agent_0_avg_reward,Agent_0_final_reward,Agent_1_Initial_NMI,Agent_1_NMI,Agent_1_avg_reward,Agent_1_final_reward
0,2,4,False,False,0.0430707587298919,7.121666666681851e-06,0.4966,0.44,0.1148656237662651,8.733105471903654e-06,0.4997,0.5
0,2,4,False,True,0.4456690752735112,0.2599026404213996,0.561,0.61,0.0788322580604957,0.0388563031691185,0.7731,0.76
0,2,4,True,False,0.2042661908852464,2.4113259116344152e-05,0.9914,1.0,0.1786052334515252,5.259267199073293e-05,0.9887,1.0
0,2,4,True,True,0.1157150981094825,0.1318031943075371,0.9782,1.0,0.1151158637054045,0.052137300575162,0.9829,0.99
0,2,4,False,False,0.09911695313286109,3.307075160489933e-05,0.5033,0.46,0.13484367850717388,6.917425598863384e-05,0.4962,0.61
0,2,4,False,True,0.006220948001336476,0.0019250246153862144,0.7729,0.79,0.043950118718349265,0.3110337833093326,0.5057,0.5
0,2,4,True,False,0.07156724629861554,0.00021374354176377348,0.9879,0.99,0.18117340387853503,0.00032659004886975934,0.9907,1.0
0,2,4,True,True,0.12734565265617728,0.14548920101428922,0.9808,1.0,0.41323894025852914,0.10255157996649113,0.9837,1.0
