iteration,n_signaling_actions,n_final_actions,full_information,with_signals,Agent_0_Initial_NMI,Agent_0_NMI,Agent_0_avg_reward,Agent_0_final_reward,Agent_1_Initial_NMI,Agent_1_NMI,Agent_1_avg_reward,Agent_1_final_reward
0,2,4,False,False,0.5708936390161198,0.9116479552332593,0.5007,0.54,0.0365738708224133,0.9079242115942564,0.4999,0.54
0,2,4,False,True,0.1791641588839792,0.8982889350771858,0.5043,0.46,0.2047421106531798,6.144013107116809e-07,0.9767,1.0
0,2,4,True,False,0.3877776656834215,0.3624138861947874,0.9843,1.0,0.1151819079775811,0.3722521756466371,0.9844,1.0
0,2,4,True,True,0.1766858963370367,0.4500545064994284,0.9836,1.0,0.163429760673002,0.3642562860761826,0.9826,1.0
0,2,4,False,False,0.23494595059723675,1.3098019587315506e-07,0.4839,0.43,0.1516711508210094,0.8934885398022537,0.4821,0.43
0,2,4,False,True,0.018445246368945588,0.9200994421717459,0.9777,0.99,0.11819438223462234,0.9142885101090102,0.9788,0.99
0,2,4,True,False,0.2110837399083739,0.3663376787636147,0.9839,1.0,0.207133329069275,0.36452084487521164,0.9848,1.0
0,2,4,True,True,0.13811564642736113,0.46021584703764895,0.9846,1.0,0.015966123812262346,0.3631832199709207,0.9838,1.0
