iteration,n_signaling_actions,n_final_actions,full_information,with_signals,Agent_0_Initial_NMI,Agent_0_NMI,Agent_0_avg_reward,Agent_0_final_reward,Agent_1_Initial_NMI,Agent_1_NMI,Agent_1_avg_reward,Agent_1_final_reward
0,4,8,False,False,0.5374056160216654,0.4648884168974326,7.424,7.46,0.3462265685415914,0.6892599492695208,7.0604,7.13
0,4,8,False,True,0.6243148054646009,0.3806364899361974,7.408,7.41,0.686904780217331,0.37098293920321224,6.9178,7.11
0,4,8,True,False,0.2844819489339365,0.5774401099909393,8.4285,8.59,0.5730222661390828,0.481530117102691,8.1644,8.24
0,4,8,True,True,0.33559683120975664,0.4561781341456099,7.9742,8.19,0.4618385643795081,0.5801888003695582,8.1071,8.2
