iteration,n_signaling_actions,n_final_actions,full_information,with_signals,Agent_0_Initial_NMI,Agent_0_NMI,Agent_0_avg_reward,Agent_0_final_reward,Agent_1_Initial_NMI,Agent_1_NMI,Agent_1_avg_reward,Agent_1_final_reward
0,4,8,False,False,0.7,0.5654341789569585,5.1759,5.14,0.3446269985957531,0.40244056780293114,6.4209,6.81
0,4,8,False,True,0.8,0.5269455409581176,7.14,7.57,0.5348933816714735,0.4019568412372871,7.182,7.39
0,4,8,True,False,0.5093194447606151,0.33954354300170264,6.6929,6.8,0.637159805499578,0.4871889670038708,7.2947,7.24
0,4,8,True,True,0.5265950503172439,0.394282739115305,6.8767,7.15,0.680642885937275,0.42928486232592933,7.371,7.49
