iteration,n_signaling_actions,n_final_actions,full_information,with_signals,Agent_0_Initial_NMI,Agent_0_NMI,Agent_0_avg_reward,Agent_0_final_reward,Agent_1_Initial_NMI,Agent_1_NMI,Agent_1_avg_reward,Agent_1_final_reward
0,4,8,False,False,0.3282015512453116,0.0001449265278656,5.2861,5.53,0.4495554495159989,0.0005872957012646,6.791,7.13
0,4,8,False,True,0.5474469479889891,0.5503766623281842,6.9115,6.93,0.8029665119595899,0.486891904034596,6.7822,6.94
0,4,8,True,False,0.7283942395063489,0.0003429176395048,7.8691,8.08,0.69468323420612,0.0003960187360932,7.1386,7.45
0,4,8,True,True,0.2618493060540776,0.3360495976893726,7.3133,7.53,0.4695508791409939,0.3256546638227332,7.0651,7.24
0,4,8,False,False,0.4979517790814338,0.0005964508093535874,5.7488,5.43,0.7273326950938466,0.00025671734098975456,6.1938,6.38
0,4,8,False,True,0.8752374755400414,0.541642942859952,6.5878,7.12,0.7021411856248296,0.5626077926095807,6.8338,7.13
0,4,8,True,False,0.6067454835303129,0.0004799419066379664,6.7077,7.07,0.5832289409673778,0.0006394521349199454,7.1447,7.11
0,4,8,True,True,0.2970592965738895,0.37163961209543833,6.7749,6.92,0.6143066986599867,0.3677462554261779,7.0025,7.12
