iteration,n_signaling_actions,n_final_actions,full_information,with_signals,Agent_0_Initial_NMI,Agent_0_NMI,Agent_0_avg_reward,Agent_0_final_reward,Agent_1_Initial_NMI,Agent_1_NMI,Agent_1_avg_reward,Agent_1_final_reward
0,4,8,False,False,0.4294620249685253,0.5257040455417769,6.4966,6.87,0.9,0.7616665919929424,7.0966,7.32
0,4,8,False,True,0.9,0.4855067362700976,6.7425,7.03,0.6193578905974138,0.4450728487023244,7.6914,7.58
0,4,8,True,False,0.6893500194764506,0.3389397473536838,7.4486,7.61,0.4855731473827031,0.295850351875554,7.8672,8.06
0,4,8,True,True,0.4442447162792677,0.3481345000369663,7.0574,7.16,0.3879732506283862,0.2830770398640358,7.6067,7.78
0,4,8,False,False,0.18407660474299153,0.3057937389158673,6.4546,6.34,0.5287756259584382,0.18117652954660124,4.2368,4.55
0,4,8,False,True,0.4892669533879516,0.18302747730542776,7.399,7.85,0.4557181990478611,0.5088349989769491,4.7051,4.82
0,4,8,True,False,0.8043556791006677,0.348669326291685,7.1197,7.38,0.4689803127655582,0.3593737237765231,6.8889,7.07
0,4,8,True,True,0.5260001431079654,0.3058091675745069,7.4022,7.7,0.6442428515307275,0.35679852952931845,6.2275,6.31
