iteration,n_signaling_actions,n_final_actions,full_information,with_signals,Signal_Cost_A0,Signal_Cost_A1,Agent_0_Initial_NMI,Agent_0_NMI,Agent_0_avg_reward,Agent_0_final_reward,Agent_1_Initial_NMI,Agent_1_NMI,Agent_1_avg_reward,Agent_1_final_reward
0,2,4,False,True,0.24562211220251717,0.0005735633329864709,0.27241135684836015,0.06566473491564069,0.5438047009907048,0.5877188943898741,0.5012248811850362,0.027589711251369584,0.5461886124665216,0.4897591034001457
1,2,4,False,True,0.33069550277605586,0.439350135601165,0.8628236442198777,6.290357311356851e-06,0.5040072892572488,0.61,0.2836201317069605,0.007593837763934931,0.4932989535490675,0.48
2,2,4,False,True,0.2481211386301429,0.3380369825683498,0.7000000000000001,0.00479260503495552,0.4645216833540812,0.5451127316821914,0.33473501697227526,0.00085411093244152,0.4720196927505518,0.43
3,2,4,False,True,0.08752119016665477,0.28367378451558106,0.08294349376014751,0.045901530102430865,0.48611321154993437,0.5047487285900008,0.14806121369123915,0.002119812187503482,0.4971383658343252,0.53
4,2,4,False,True,0.30901426930304593,0.05111299072686237,0.11981558789237404,0.009470858875206066,0.842544617352921,0.94,0.3183815054357289,0.44603051495458573,0.4736962573049563,0.4972876859348081
5,2,4,False,True,0.47794605240622223,0.1777020474877703,0.5165980305168454,5.890709593447186e-05,0.5233786701318719,0.59,0.09747535606725624,0.022238191960622693,0.49208427451308145,0.5246689385753669
6,2,4,False,True,0.4267168055739424,0.45269649166371323,0.4854396949147518,0.0011408564409645067,0.4901345062221633,0.58,0.06994192288472272,0.0003617088479063285,0.4958587980691735,0.4
7,2,4,False,True,0.0570575593853242,0.09412630913608994,0.2963117764415698,0.2637405572543342,0.867442674800114,0.8926123714950444,0.8223553915721664,0.6706556862711258,0.664064814960796,0.655052846696098
8,2,4,False,True,0.22238013835303438,0.16131758135441088,0.5277659305146891,0.0022111788256929414,0.5147938886457376,0.553328595849409,0.31010230271782474,0.016374673094330373,0.4769881745892724,0.4551604725593677
9,2,4,False,True,0.2874442826584125,0.2848258082936159,0.3277095230321509,0.0007149367028718821,0.4979927340128347,0.53,0.2728399645452776,0.0001819252035226242,0.48906069676682556,0.44
10,2,4,False,True,0.2848111490291741,0.4483398860769639,0.19354211126508253,0.014595039207879652,0.4939987032993189,0.5414556655291247,0.08151300750799648,0.008139606555250232,0.5004130952417611,0.5
11,2,4,False,True,0.15382267464625665,0.03100260555369022,0.10706496378179302,0.1318135401052439,0.7074799331103498,0.7330795057889117,0.33263680505034976,0.4029273959081847,0.5483370239538347,0.6035686190565442
12,2,4,False,True,0.21065911872200593,0.028879349793944076,0.29343519762224274,0.022034133043115554,0.5327723736232607,0.4736802264383398,0.2297422248262638,0.03745609125081705,0.5041140761326498,0.46613791209890687
13,2,4,False,True,0.07584130169780823,0.3474867194716831,0.16316671007962832,0.011924038311129028,0.4457118432090055,0.3307031538964247,0.2932836627831373,0.0023791827257533308,0.5089065876514869,0.55
14,2,4,False,True,0.0578309809642108,0.27167038235238294,0.16915996351462997,0.3553807786947246,0.47138383128683653,0.4818315525636209,0.303693485964938,0.0001612963649918554,0.7866324498382429,0.83
15,2,4,False,True,0.32552044655347745,0.15485491327288825,0.1141631711852523,0.014660253361660597,0.5381453196941054,0.56,0.1650946463926381,0.02947177642506316,0.45710968110523964,0.44283482081450687
16,2,4,False,True,0.28621132167590296,0.22629622518687342,0.1849758491402249,0.014437636850127795,0.49697681734200133,0.567137886783241,0.7415656436560274,0.007318931892011818,0.5015712971851641,0.48
17,2,4,False,True,0.39527917886369746,0.42640512974924744,0.2586066500577324,0.006556236486417844,0.495212401114613,0.49604720821136306,0.2081716410165122,0.0006359667703819668,0.496337019993978,0.51
18,2,4,False,True,0.01773509108894411,0.26912056246623983,0.114545169174881,0.04325831478908402,0.49062244342123523,0.4643247708515379,0.01859456442998105,0.004648128504274681,0.5175660569388841,0.5846175887506752
19,2,4,False,True,0.4583001218786588,0.14833199212145193,0.21098271249801445,0.0029825360301980134,0.8264127092321644,0.84,0.7407414220659777,0.3789066061897741,0.4025241568374284,0.4343506840180595
20,2,4,False,True,0.4195451846926396,0.18711442078902524,0.1667433122771364,0.0045430024415190505,0.5711597294855203,0.64,0.1459600563338268,0.06753989807566319,0.47750267735378354,0.4487731347526585
21,2,4,False,True,0.2798965717446451,0.46709705255481154,0.13554747224829194,0.0078077608417965886,0.49588985136577085,0.59,0.18154026533735662,0.002082557911691111,0.5023243856214594,0.46
22,2,4,False,True,0.44107568669060915,0.10771757905082291,0.12758245427087922,0.0007216591407869407,0.6874973107832735,0.72,0.04844771500475319,0.1312159020847616,0.43983736839354376,0.45122167154170384
23,2,4,False,True,0.29974678546673184,0.2936895581563243,0.23604856169169364,0.00011510632774450751,0.494423950146719,0.4740050642906654,0.257904188879828,0.004752041571866398,0.49568445831573515,0.5070631044184367
24,2,4,False,True,0.0334350059234208,0.3643803195455198,0.41439220456207526,0.28180404543179244,0.4663964226017968,0.4369298459128397,0.2245333039039851,0.0005723289040017948,0.7141890492011362,0.74
25,2,4,False,True,0.2583766632514784,0.06652540329100226,0.5236479992617933,0.029982695213876115,0.5060231656092806,0.5644974002049112,0.18534274338762283,0.03595530929166174,0.5099527570474872,0.45068644353925963
26,2,4,False,True,0.11731767415133049,0.49718601035523485,0.2909944969525201,0.07444453227267782,0.4627053122393084,0.39776563730552106,0.4007449055728224,0.0010720583725349643,0.6182637885492593,0.61
27,2,4,False,True,0.22632007368772183,0.4572396375778254,0.11452349502476471,0.12081547907299127,0.4650457014331807,0.4728415911574734,0.10141533579844464,0.008658758822983326,0.6142246400228861,0.56
28,2,4,False,True,0.19896804866735712,0.3629444143218554,0.3399414920115474,0.0336794801801765,0.49991196671959176,0.46607223659328495,0.07826051036666927,0.010917065391238063,0.5257944116593423,0.4963705558567814
29,2,4,False,True,0.04903421549067566,0.49379305230811216,0.06898274404366966,0.01354982338833128,0.4563522689312387,0.5102822854525526,0.08977916845230953,0.00038748039165771445,0.5163853796018437,0.44
30,2,4,False,True,0.012087764009239221,0.29348539007268515,0.17087538460428403,0.1022953993910161,0.4926232980054623,0.5611759322732555,0.31284077966952506,0.010177765655914215,0.5988433214184008,0.62
31,2,4,False,True,0.01408138341493409,0.14556639633021312,0.6102001418077306,0.24852367317467633,0.4913678014780898,0.524226632799877,0.54548371287458,0.02389509991238839,0.6796165549930294,0.7570886720733958
32,2,4,False,True,0.26628966340493826,0.140990113103237,0.5545626822281081,0.014344150263636493,0.5250424631033331,0.6073371033659506,0.21357811422602616,0.053601207343448476,0.48948601721162505,0.47603168077244973
33,2,4,False,True,0.4021454656743583,0.23295969420945395,0.4289716508993681,3.7190257310051523e-07,0.5053957090686513,0.38,0.37625861587716686,0.0007175019391481526,0.4830460482303236,0.39068161223162184
34,2,4,False,True,0.16965056438397536,0.31528220074107743,0.3741363929175875,0.012312674785727874,0.4582940886530251,0.5526768758355254,0.19434785894518886,0.0074143917193499635,0.48752106511229276,0.52
35,2,4,False,True,0.15015798814416242,0.48919139806854206,0.36340840582879563,0.017168933902427,0.4811007968658398,0.6009905207113503,0.35436676911085935,0.0005799173486529072,0.5194216172038629,0.54
36,2,4,False,True,0.037853353966791625,0.37146894102217637,0.08043648597224563,0.10042362901957341,0.4812719414810592,0.4678246491282272,0.30309821548057153,0.012804162433736438,0.6046391239798188,0.6
37,2,4,False,True,0.3273324344624231,0.25165513340139345,0.5879619903913393,0.004307801043915101,0.5074684102471283,0.49,0.4502177098812189,0.011725966760471869,0.4901496764589587,0.53
38,2,4,False,True,0.27216649017730027,0.3462408585390669,0.5676055454356103,0.004989409194044127,0.4992321515354575,0.54,0.43555278949745446,0.0031699160517102316,0.5011993213033953,0.46
39,2,4,False,True,0.31134092568043914,0.14709066836495588,0.1319289883538597,0.006958626513606941,0.5025129816323791,0.51,0.1230095770238683,0.009884645268012898,0.47800477605081415,0.4638200264798549
40,2,4,False,True,0.11849975712630517,0.21831119496398382,0.21138223404559064,0.39679400872812687,0.7420260280353183,0.7844500728621085,0.33405891245206776,0.32691430077371847,0.7073184347441202,0.6583092981151267
41,2,4,False,True,0.031955873792004874,0.22561522696519498,0.4910313458451302,0.10535139874205914,0.5126583791128544,0.551146034462717,0.15638293841695555,0.041905884085905815,0.5742118206689615,0.49262080233730904
42,2,4,False,True,0.09470418370299732,0.2739308099767959,0.2342503264327036,0.06796057996441189,0.44401966585881847,0.47465411324493195,0.05596343700576445,0.008594817005037862,0.5489725033767054,0.6163034595011602
43,2,4,False,True,0.32085479405823714,0.29898794812644547,0.1503037808336352,0.019134721154396368,0.4898540317927033,0.48,0.09674866604760649,0.0036502861718876595,0.5048574072922252,0.5270101205187355
44,2,4,False,True,0.27073651018691725,0.3772975794396373,0.02535447929781669,0.09494711716933996,0.46613086257561664,0.3956337140831775,0.30083662339241724,0.004072417103220858,0.5746721062177544,0.5162270242056036
45,2,4,False,True,0.2112992404156348,0.3449865416854921,0.2131706970348604,0.08426653579770928,0.5809629750046553,0.5798531443210294,0.12645016426341368,0.13926141162336714,0.5173163289849417,0.5027506729157254
46,2,4,False,True,0.19074187909952972,0.38459747209057127,0.0519602996710263,0.0230562430414823,0.48054600217017496,0.4566480684630329,0.28512129747058834,0.006855668460625175,0.4964078642679305,0.59
47,2,4,False,True,0.05527515961751234,0.2627872526879028,0.11612924564584677,0.3459967853817313,0.5071874369131643,0.50733718455682,0.4754909370613512,0.04183416610048265,0.7886169012774317,0.7842327648387258
48,2,4,False,True,0.3882246169838922,0.46128893760883616,0.15135231806197555,0.0038227405788128365,0.48728242768111274,0.46,0.20872920608972664,1.7596813577358754e-05,0.5018925821686303,0.49
49,2,4,False,True,0.439940889582962,0.12508861883055605,0.1893252007515241,3.465738796113712e-05,0.6914081063987507,0.7,0.40539212093571075,0.16920843046387202,0.4631843635212985,0.4487207557859165
50,2,4,False,True,0.3551859584643366,0.24958731035942378,0.06572635290256192,0.001393797520859539,0.4960585123322853,0.5164481404153567,0.508578871264378,7.330321875646735e-05,0.4907786729378011,0.47
51,2,4,False,True,0.4236182888482099,0.24725852185968522,0.10887278946177859,0.005068593796473854,0.507229797229251,0.48,0.6120696137618049,0.02356566067235912,0.4834024787335247,0.49752741478140317
52,2,4,False,True,0.0738239524946781,0.4727883376227009,0.03748918515472956,0.14832240707341426,0.44371370933453624,0.5642291494532996,0.35485219407136936,0.002293743350851057,0.6767523853093128,0.65
53,2,4,False,True,0.19256996114147323,0.33902195063644763,0.6840996726799387,0.033417479196007266,0.459824145389556,0.5330402054401938,0.3175266937119364,0.0033353499163312635,0.5419353792714996,0.61
54,2,4,False,True,0.4322366579898018,0.10723713115616923,0.28305883502242296,0.00015690305672478252,0.8695219740156183,0.87,0.24521258774345744,0.5703213033469132,0.43748819862647187,0.5153090631103538
55,2,4,False,True,0.009985685284889356,0.23944662630441244,0.0,0.06875472800800728,0.6941801821611691,0.6079030060901732,0.18377102610528512,0.23846083650529834,0.5383229835537456,0.5564774723173822
56,2,4,False,True,0.49357004456510256,0.2734463279474923,0.19830551545654745,0.0005209837848461083,0.49506864687076124,0.53,0.5926531408779354,0.0074248170322844375,0.4666903954500122,0.46085875704367557
57,2,4,False,True,0.15785656613439253,0.12951431767867344,0.16527723870002647,0.04450703129926928,0.8297441823323563,0.7963215150798412,0.8217853214577755,0.5348399882314747,0.48286737400206076,0.43244084787318465
58,2,4,False,True,0.36678125921511584,0.16481826110553194,0.25971437226544325,0.009144063562007086,0.7455910401725377,0.7126643748156977,0.05861735397541812,0.3190917753892124,0.44586102210442075,0.3920917999457276
59,2,4,False,True,0.02244642639283706,0.3538626313445558,0.4231231958127757,0.20821485783608085,0.48941396021807976,0.5056342871085843,0.26899460305200285,0.005243375085048237,0.7252782835814789,0.73
60,2,4,False,True,0.0700858768034694,0.09628903104417058,0.1767445657963383,0.14841978427371358,0.5656598672031691,0.5288373099334673,0.34792791826468644,0.1492062121924113,0.6146216934336975,0.6482246197554238
61,2,4,False,True,0.19193038470499124,0.20475219718348558,0.098770038505571,0.023596858574498954,0.5205340188435552,0.57,0.4227355220769843,0.03912259493733858,0.4854176519858763,0.43771486816899086
62,2,4,False,True,0.20235344097245178,0.41015098980911313,0.18133210566610372,0.022130849698166463,0.4709210960034353,0.46381172472220383,0.6095702481946226,0.007448499191874469,0.5401067200538824,0.61
63,2,4,False,True,0.03226105696961479,0.4317147011220429,0.1668065785097016,0.043363677234958445,0.4911891713837891,0.4780634089212425,0.23452476561034247,0.006570350023196988,0.5250489379968721,0.49
64,2,4,False,True,0.3184113125919207,0.36744443832290674,0.3377332817537536,0.018607663449916493,0.5038267922542369,0.4736317737481616,0.21495097217584833,0.02132451518956258,0.49913016682276595,0.44
65,2,4,False,True,0.3664239670761042,0.06657048909610114,0.2617334370962233,0.005216195439934643,0.8310265612378879,0.87,0.46782251179761686,0.5826619991694862,0.44855504735831236,0.5034006576327292
66,2,4,False,True,0.036470529226000525,0.24594556577980398,0.3518607653667738,0.0077918094922959655,0.5095325098530192,0.4948353348340596,0.06882624580438587,0.04366404315315487,0.49392082917283553,0.5001621773688079
67,2,4,False,True,0.11058924439781637,0.06263676019320508,0.22953969331498908,0.13763979301663354,0.8930779229620904,0.8757643022408734,0.402891812797431,0.7456682327645434,0.6244374461834806,0.660538841078281
68,2,4,False,True,0.2530139879080156,0.02395207069183758,0.17466656657851026,0.03017976751020931,0.6986119432541763,0.6174698601209199,0.351887932284936,0.17311058491056816,0.5075886411171975,0.492754509101877
69,2,4,False,True,0.15695374809391605,0.11521008933274673,0.2506171031515235,0.4503736746830148,0.5520603284916231,0.5242582136627112,0.3999999999999999,0.10804346040732359,0.7482471329059046,0.7742848723068485
70,2,4,False,True,0.4869031521799408,0.4954643675318296,0.056211515200530096,0.001819609168591219,0.48804452928258824,0.49,0.15004126188950878,0.0001618856703632073,0.4994054427589617,0.46
71,2,4,False,True,0.009590238283687935,0.13272914828571497,0.3744818613342797,0.19274163223198154,0.5484391438629886,0.46414995464695047,0.26396414311073146,0.06019463348572145,0.7098894002308285,0.7980543766542857
72,2,4,False,True,0.3168501365668671,0.08116034371892356,0.2031593481551786,0.0025779318218022065,0.8851384588528383,0.9,0.12595271295139782,0.5762504062688937,0.44703505296079055,0.3956225697083213
73,2,4,False,True,0.3866720389966887,0.41375410972513627,0.23139312158291023,0.0011847257424345043,0.49401197098941785,0.48,0.13675249140955842,0.0065369438548089865,0.4939314556149686,0.5558624589027487
74,2,4,False,True,0.42153928684416875,0.21155640858346964,0.077650874128729,2.5244202693387125e-08,0.48999415285578696,0.55,0.26710346124325873,0.0036364032667514797,0.4549754846723161,0.48038210279831434
75,2,4,False,True,0.4492290205117615,0.46556395707569354,0.38952576666011834,0.0002927604513947439,0.5016769274487206,0.48,0.403473641020794,0.0016607009534040118,0.49560992438631873,0.45
76,2,4,False,True,0.13688366972947125,0.17259105004714353,0.10334708641011026,0.053337842801130936,0.5010182543841712,0.4426232660541058,0.25395135210594544,0.06877981023681164,0.5513895880394795,0.5413704474976427
77,2,4,False,True,0.4054378635230405,0.14146091431675695,0.37619076862059525,0.01733085132658722,0.8953938415662654,0.9659456213647695,0.5407414220659776,0.6144114150051175,0.4335100263959601,0.450684151984789
78,2,4,False,True,0.1274063926259396,0.22038843670944147,0.1237637065044492,0.06960208234581511,0.5760862064015775,0.5121631050323685,0.27356606442633674,0.11074988444439718,0.5413079512771493,0.5323689250632446
79,2,4,False,True,0.11900734125585455,0.11029095465263072,0.11396628175333208,0.055005478769235526,0.5121358697644391,0.48500845833627054,0.353365725373595,0.06085006844245779,0.5273929197089432,0.5511767236277896
80,2,4,False,True,0.16439732989846711,0.14201866859891704,0.12574648116229606,0.024493752377614954,0.6780730239699957,0.7017801335050767,0.32309347361222074,0.1663259441896249,0.4627703446444861,0.4502347727923033
81,2,4,False,True,0.18325613827848208,0.40893426101492664,0.4899695663287377,0.11195650434292494,0.4718234991755391,0.5971720703205062,0.10780763535395524,0.0017162880619850307,0.5945144352688239,0.63
82,2,4,False,True,0.17672552364788852,0.43893658143342007,0.27858454663974463,0.010082816824977794,0.49529646858112664,0.4293964685811267,0.15866194916070236,0.002460674181641657,0.5033449737065122,0.51
83,2,4,False,True,0.07972444930281142,0.4935569027580361,0.1285297560692657,0.45084445087148145,0.4493617893589917,0.5217322643346506,0.2518492222451102,0.00045049074310157214,0.8366648191236565,0.8850644309724197
84,2,4,False,True,0.45408244971649986,0.10318286977763591,0.6287739863652764,0.003698636623825487,0.5399214228519845,0.59,0.11394731709943125,0.01448136860264174,0.4285359610288022,0.42015393552897123
85,2,4,False,True,0.16006692667428457,0.13237046049678491,0.5854614488798577,0.03172538619621147,0.6018235359908253,0.5587953151328001,0.2912016682611782,0.08457026619151939,0.48265815922976174,0.4701444309254822
86,2,4,False,True,0.08415391369659775,0.02884225150413855,0.13589031178763147,0.14765096657292742,0.6803027047795915,0.6564369041649526,0.6367267554203201,0.1607831465848439,0.5703531191433618,0.6024062265824756
87,2,4,False,True,0.3672985995100642,0.07024735608803928,0.12442111918623944,0.012284428471876432,0.691113032827986,0.6763270140048994,0.038072851493977856,0.16532849536635053,0.4511756139579324,0.41942190361661175
88,2,4,False,True,0.15698583333474647,0.2602994205820194,0.29652782985551746,0.06860700157521758,0.49123202974982744,0.4274411333332203,0.20736525028010147,0.027044540910363013,0.5602372746252642,0.5273970057941798
89,2,4,False,True,0.23338968854484504,0.4684768965209186,0.23474729984859022,0.023505281981162064,0.48337480130916566,0.4553322062291031,0.41958049848502876,0.0003607437113911327,0.5063035892759145,0.51
90,2,4,False,True,0.2651271395861446,0.0668621963718492,0.6125035555301883,0.08936188224246458,0.5867710640186595,0.656138557437247,0.5704807653099933,0.07530692039747552,0.5689634528092613,0.5426158289433193
91,2,4,False,True,0.1777598580889359,0.10196815341282645,0.321153404490402,0.11513580268915566,0.5635311539375585,0.5140016127719957,0.09211591072937853,0.07385892731073043,0.5167129167011535,0.5233270695990975
92,2,4,False,True,0.18454665554017524,0.17339589644647163,0.37218960706505355,0.012598783698876745,0.5188927138091676,0.5223180016689737,0.31832860075283653,0.08600975781253785,0.4997706133159588,0.5495962462132117
93,2,4,False,True,0.24149943904157256,0.13203326162055568,0.30366526212715655,1.6088619483309223e-05,0.5259653010097252,0.59,0.8628236442198777,0.07669430879664545,0.48037199357977844,0.42207800430276665
94,2,4,False,True,0.40964492920223416,0.29234736590231897,0.2118378660716495,0.00018887733284189082,0.49390360362035624,0.54,0.05108294804995952,0.010283673348625469,0.49517790214077734,0.49
95,2,4,False,True,0.21748584578160973,0.11234657328645653,0.32018632997785546,0.05148604246004972,0.5843689012676205,0.5347759907952873,0.22320284700630633,0.0928745797308353,0.5252629739670328,0.5575306853427087
96,2,4,False,True,0.2788899636871209,0.060485652432890114,0.6037456590771472,0.009376048757309949,0.7554932623966499,0.7816333010893863,0.07590043112373386,0.38878436915649545,0.46097253777443503,0.433103752015937
97,2,4,False,True,0.3348588272982332,0.2756948813439965,0.045264143761360634,0.00027896223230531393,0.5029954235181052,0.58,0.3652384545899323,4.424585961355855e-05,0.4754246937363714,0.5544861023731201
98,2,4,False,True,0.020576027571217348,0.0063990649988941994,0.13307304933986627,0.2643879480221891,0.5905087163141508,0.5560083012515722,0.6474391023677717,0.0679261457328592,0.7401966872258129,0.6752646919008184
99,2,4,False,True,0.3466814732434238,0.06451007953327126,0.1940211456118295,0.02034819764202868,0.796691657968077,0.812665926337829,0.19108167990336206,0.37107285751866576,0.48534108773547113,0.4241959681866915
100,2,4,False,True,0.09646839375745436,0.07970189884133,0.17136255740324632,0.0163601529078584,0.5850689421815229,0.64877695337336,0.4248219200644316,0.10574238663789234,0.46928708079292125,0.47927750630125415
101,2,4,False,True,0.17321027957321916,0.12441773478820245,0.16412783984175985,0.05855535915007432,0.9162579491908766,0.8940184580640173,0.3411747398565847,0.7418951668511308,0.4761015759756038,0.3777911326058988
102,2,4,False,True,0.3501579754026528,0.46076251144558916,0.3819926269612586,0.0008318366435570567,0.4860088309820204,0.42,0.100638497935025,0.0006643869037844639,0.4938784749771088,0.54
103,2,4,False,True,0.21275807895989524,0.45619648594163237,0.20182685238637704,0.07405928767926608,0.46339878703275617,0.5065966113144116,0.21245559833693894,0.0037101843864083646,0.5786591888152787,0.62
104,2,4,False,True,0.13359128647782192,0.27818448818120395,0.3794822029573762,0.06405634730279099,0.47660370599257046,0.4539690456226614,0.15497708905206303,0.0003101296398888875,0.5550865294257729,0.6244363102363759
105,2,4,False,True,0.08575491531081647,0.4681701324707586,0.2731882376020198,0.14847788822763108,0.44604768145447743,0.3519772474259428,0.14623875726160346,0.0008692564228382876,0.6340423066158348,0.6
106,2,4,False,True,0.38952835408522,0.4601263532763147,0.2556067390505704,0.009983020155917337,0.49506231051167904,0.55,0.31281092963710605,0.0033273164591530345,0.4999570270797724,0.49
107,2,4,False,True,0.4245451518085365,0.20208899248572626,0.3861148066822752,0.0003033166100248477,0.5473867284231276,0.46,0.1216917382333709,0.052271123903760486,0.4624256609587612,0.4857493209017128
108,2,4,False,True,0.0594605703125049,0.05846939148089181,0.06390724307319273,0.09694681544200717,0.6089355119359366,0.6440539429687496,0.7564932582875701,0.09766433884071252,0.5689241204623885,0.6478418346855095
109,2,4,False,True,0.13670064103336277,0.24878190940603995,0.5657182060521245,0.12948582822778038,0.47962896352411755,0.47222891666566286,0.059491301504629446,0.01686717460885152,0.5655277724655423,0.45502436181187916
110,2,4,False,True,0.1485066910848683,0.4352085004540267,0.12869764797351446,0.06656206524775313,0.4781170550356801,0.4751493308915131,0.25616984464219217,0.0009696710769052146,0.568566498796731,0.59
111,2,4,False,True,0.21099603924963184,0.23428074727198084,0.2018190892198261,0.014085913671795602,0.49691038990903325,0.55,0.0876198887062665,0.0066961611571958145,0.49487149065910024,0.43
112,2,4,False,True,0.2612721843254023,0.3239101513063556,0.46543844598331036,0.04853429612785825,0.46000973463710215,0.5717109470972218,0.40004701740876875,0.005461560810985933,0.539752893474562,0.6
113,2,4,False,True,0.23596596859825747,0.19903046719263168,0.15182342634785,0.01533786010264209,0.5032916164915828,0.43,0.3186836356979941,0.03509998192672674,0.5051615377090996,0.5680096953280738
114,2,4,False,True,0.3821023888972324,0.3592788648742601,0.2491897850213518,1.5885017964267805e-08,0.49515937474442606,0.56,0.08273201968092607,0.0004325027634238797,0.4933898411945185,0.4964072113512574
115,2,4,False,True,0.03484600771833757,0.05053210118556839,0.4111927520317349,0.42073480882385533,0.5628166293789247,0.6228201139796967,0.13545504875182435,0.07573389238016973,0.8167198469746538,0.8317020233360816
116,2,4,False,True,0.4098453198211121,0.46445751242187927,0.40691767933261086,0.00857504893268778,0.4940392119265581,0.47,0.17169046640493524,8.447783066079528e-06,0.48239620523385157,0.5
117,2,4,False,True,0.17226700987267124,0.020330795989726036,0.1800670102942783,0.2732493269296906,0.6579951889126865,0.7586559176305588,0.06397681593952781,0.17023609077334295,0.7480479041372904,0.7096312940452398
118,2,4,False,True,0.34374032876906063,0.47468259690119186,0.3123355794088048,0.00540260032453859,0.4988096757752823,0.5596877901369282,0.6299653665573826,5.06074956196034e-07,0.5118354443643383,0.5
119,2,4,False,True,0.0010893254835518396,0.23571145182128073,0.04704546793159353,0.06596971419284964,0.5287285397719388,0.6193681912195399,0.1621548561412727,0.031977280078571896,0.5419137576153418,0.48057154192714874
120,2,4,False,True,0.07030405406493345,0.0002840392580979456,0.3944875358339594,0.0036377750262478383,0.5618386351296476,0.4899266891829879,0.46901111939201395,0.05157766313511024,0.49754615411503794,0.5197557262380359
121,2,4,False,True,0.2717939213354253,0.384022115885742,0.17470630077138655,0.010711041319908793,0.4857487583432444,0.42912824314658293,0.36685937319627254,0.0033731569144084634,0.5118190628815084,0.55
122,2,4,False,True,0.447770900109698,0.2949476521022321,0.27878864267515907,0.01374618618397892,0.5298385943776086,0.49,0.20418556724999606,0.06397594660505808,0.48890113817889486,0.4193536643528437
123,2,4,False,True,0.03532957026538647,0.20647424603036652,0.27791468820558185,0.17404997688257456,0.6262171587834716,0.6986945375150764,0.5052866707299339,0.1256803195993778,0.6411310477780481,0.7110936055557485
124,2,4,False,True,0.17165961715225758,0.20311121228952828,0.2754222528346927,0.037410339041763746,0.5113530604363956,0.6179838267993419,0.11787334653488653,0.05105176926509762,0.5250015001028994,0.565782215139733
125,2,4,False,True,0.27235513645723103,0.02762960530824088,0.1574248638163083,0.027916428328863988,0.7482765122785798,0.7691057945417107,0.16144729075626693,0.26524275229235583,0.4933668693234499,0.5389481578767036
126,2,4,False,True,0.4553959330025339,0.410522211617864,0.4046013866889909,0.0006586751054452307,0.4983159705741934,0.49,0.20398387172834198,0.0017985425752640922,0.493870545605396,0.57
127,2,4,False,True,0.37863458756809293,0.4880729992078982,0.08197919844604562,0.002550948358241585,0.49855537322713234,0.48,0.268810294690003,0.002647769483895079,0.5005132131041982,0.53
128,2,4,False,True,0.1834309987717373,0.14666763295591273,0.18895645572361625,0.06900264899172391,0.6017717433876786,0.5669824202210872,0.32637873915663607,0.10013711837357203,0.5046783786158425,0.564799768090581
129,2,4,False,True,0.17042628687091205,0.18281019988120567,0.20925917509627023,0.4010310281475089,0.5997390145373468,0.6786465367264717,0.21889594538403215,0.2362561940157319,0.7655295246800099,0.7315007360380141
130,2,4,False,True,0.1804327305649891,0.11267839223640819,0.3581202987526342,0.08382960344168726,0.5939068685345169,0.5573697088604507,0.33045133979155084,0.09382026610417774,0.5633033360755993,0.5707036180185339
131,2,4,False,True,0.1903256531789283,0.08812478759097453,0.508871889485849,0.025567096023552817,0.5922811883144595,0.5961934869364215,0.5366520442805852,0.06413142210469587,0.4822583168663612,0.42444381159861744
132,2,4,False,True,0.22730496561114533,0.3763924585373912,0.6067202704864703,0.0337857758735814,0.4876806382586321,0.45772695034388855,0.22458225533740137,0.0008780814736403599,0.5308837403619491,0.43
133,2,4,False,True,0.40417122657245813,0.11405245455006197,0.22194532586131738,0.00024301539572312686,0.5234895719335689,0.6,0.1759832943581699,0.012552696186398198,0.43588233277945826,0.44437901817997527
134,2,4,False,True,0.17613882466171854,0.26410917153399904,0.08156775801449156,0.0020631281435511376,0.4703790030445573,0.46062472928721093,0.5192687777034295,0.01758221141017338,0.5007765034631102,0.52207672485398
135,2,4,False,True,0.020579005342894363,0.3624947833373886,0.5095436669193075,0.125210807420986,0.48236975746505323,0.47641785647368967,0.4595475761010509,0.004540723814765074,0.6701812891249695,0.66
136,2,4,False,True,0.3618354207557468,0.13935241053583547,0.23444377928811838,0.016884911848713796,0.4973823738745072,0.5863816457924426,0.324875054410673,0.023156594019254143,0.5086309096123536,0.5344259035785666
137,2,4,False,True,0.11103034560185315,0.3844694292671816,0.2570029809835923,0.2570800455411765,0.46874670224807835,0.5144630205115738,0.7846983526906135,0.0009550454771562138,0.7304941321341603,0.67
138,2,4,False,True,0.3200718614777509,0.057878724012234484,0.17395755419200348,0.006903259171895617,0.711045765108042,0.69,0.2094781290048871,0.3662183186647029,0.47617897097594997,0.44453336143461675
139,2,4,False,True,0.0030257944384420865,0.01878520883884499,0.4370086120864684,0.27280469455500805,0.7333911901094614,0.8085173607251633,0.06630681101634016,0.24953054070440273,0.700466195217836,0.6272260579895855
140,2,4,False,True,0.2962027615215045,0.30936637901684844,0.258585186144815,0.020582026495650742,0.4788893568361408,0.47,0.23734316530474192,0.0003269090596185217,0.5217575206903595,0.41
141,2,4,False,True,0.3288565740966785,0.2644995972288784,0.16841049628920304,0.030135404707831964,0.5962303848316651,0.6368457370361328,0.051031832992200196,0.11388953183453797,0.46717669231514103,0.46503506847109066
142,2,4,False,True,0.22420332867190396,0.4485860803691418,0.34633427845018766,0.01476951683634702,0.4939909714852959,0.5332739001398429,0.12760951134270174,0.0002135597139983852,0.49624768644729866,0.58
143,2,4,False,True,0.08052214198596414,0.4376201760029199,0.19041324351250316,0.5408564571264574,0.45362346968035827,0.4121545932665969,0.14553282464492528,0.0021562634666840654,0.8522869471903864,0.8756237982399707
144,2,4,False,True,0.02451282900879126,0.19488882319515655,0.37212879704348384,0.060756065629616565,0.49539770775946307,0.5174984572055166,0.3229272488120516,0.01943097039886174,0.5083286747469958,0.616357782376339
145,2,4,False,True,0.21199754883676553,0.32438961392860893,0.08151745606756693,0.3080582927226861,0.4457998578922121,0.35064068632570566,0.04181784418685014,0.009904792020301114,0.7368090414625348,0.7
146,2,4,False,True,0.2883548358536573,0.49548553558625785,0.0,0.0020224720489801433,0.4945953807274147,0.49711645164146345,0.10319824876037301,0.0005655056877368482,0.5041081260359448,0.53
147,2,4,False,True,0.3271290812739278,0.08014647407451891,0.08615985886138047,0.007506657800441196,0.6379632833710058,0.7434574183745215,0.06497085039209624,0.15954001874940038,0.45264608459671524,0.48229453866634636
148,2,4,False,True,0.4969672721451229,0.05925341437081483,0.06109001874556719,0.001189532089701744,0.5275103112747066,0.47,0.9,0.01154645983866108,0.48490831317174143,0.4498538391139229
149,2,4,False,True,0.45640553729569505,0.15596645631318157,0.1332554095610024,4.675225241550038e-05,0.5057153916940564,0.56,0.41131557901925264,0.010034222867639447,0.4875456076065868,0.4775226834949456
150,2,4,False,True,0.026731131133823416,0.1384650544316952,0.747750423829979,0.7901525646960686,0.865634334492977,0.8758325004990735,0.5959023609245369,0.5437089904413146,0.8770797249241318,0.8963060749614203
151,2,4,False,True,0.214318947299727,0.0670161362416496,0.16720627952938694,0.006942435201868458,0.5107042748480336,0.4628544842160219,0.10559639084512765,0.019751277495626458,0.49599823232166945,0.545256450026837
152,2,4,False,True,0.29459470162505874,0.447691735538299,0.2758075704394124,0.005011509984447306,0.4917645919295361,0.5370540529837494,0.16460799691036737,0.0012564735042617154,0.5039347728925548,0.505523082644617
153,2,4,False,True,0.18515381986811347,0.28471811954782966,0.20335121769657172,0.10868240726374148,0.5461262218403913,0.4729692360263773,0.3871619083840893,0.10068600028840435,0.6137990779954571,0.5057640940226085
154,2,4,False,True,0.006471662745213935,0.35380332797971403,0.3510675878028278,0.15781219288077034,0.500707788297991,0.5374113349019144,0.33687488127090837,0.005935705099053778,0.6987034880513947,0.76
155,2,4,False,True,0.3134654911121343,0.15036915084019403,0.10505235552545375,0.009574287537665127,0.5233900749139696,0.45,0.4114841134454684,0.05527430095667282,0.48600210866013865,0.44195570189917677
156,2,4,False,True,0.4750880990336471,0.0077056790412762255,0.20586772693851157,0.00032301375975616947,0.6866023149920293,0.71,0.5126847276882097,0.17478661659615952,0.49381917094951894,0.4458389333177108
157,2,4,False,True,0.49056445791262665,0.17264832980206035,0.26297003121010143,0.00022866975320957756,0.5136188710841747,0.52,0.027596591283663836,0.038172714820366174,0.48420861101519386,0.4848205501059383
158,2,4,False,True,0.17453103593246305,0.240464483700148,0.2948394220370135,0.13064882703674102,0.8346510446311514,0.7895281378440524,0.0825663586765079,0.4761283348474024,0.5053745726667223,0.5102652997269571
159,2,4,False,True,0.006148270372998199,0.09055506849983841,0.3197718257944048,0.113718220967049,0.5722302041969642,0.5579710707769105,0.3984128138914717,0.062298484932469575,0.5813754551771719,0.6518500438350145
160,2,4,False,True,0.3076801494447924,0.41548257256116405,0.5905971612558647,0.005426452848468398,0.4990539665204966,0.55,0.07587444644840377,0.0001402461434154155,0.49958593834036547,0.54
161,2,4,False,True,0.01401604219305791,0.1134706505195886,0.18602437436014185,0.5455615957656482,0.511034561476855,0.6378060432920397,0.07424037152895409,0.021809717509200955,0.8357674538746436,0.8352488154324536
162,2,4,False,True,0.2947089956980385,0.05741644488112224,0.4043226944863408,0.01844305764645399,0.512515661342825,0.5041058200860392,0.4879243958830092,0.002556019274908432,0.4840482364472361,0.4901434486618165
163,2,4,False,True,0.44821563330614034,0.35124293893759145,0.37105013272213294,0.0005117124103624068,0.5100587471700571,0.51,0.3400791708282044,0.009554186671230308,0.4953797118510676,0.43
164,2,4,False,True,0.23575381691899006,0.38536356318426396,0.3417543494008209,0.054039040444263976,0.4818391412096149,0.5287821564772909,0.3905798564675013,0.02194826820186375,0.5425629930239748,0.5961463643681574
165,2,4,False,True,0.08901099034947307,0.06194752212545451,0.14009712714612774,0.06993750572314088,0.7962429667975277,0.850208791061558,0.1452914624740302,0.36150493349187207,0.4797234400431045,0.5191146353971999
166,2,4,False,True,0.28643318437593945,0.4661455360749376,0.3568936556606414,0.011939016068039175,0.48842912617841955,0.44,0.275542226350288,0.0003543653020067694,0.4972210943742426,0.44
167,2,4,False,True,0.4628416580254143,0.29292484182743017,0.08233734047242983,9.663442235981207e-05,0.5037040433575288,0.47,0.1939134745599336,0.00015815956851830966,0.49282122547451773,0.38
168,2,4,False,True,0.10871907150063542,0.18521345188778593,0.4584414321404003,0.4090492606577194,0.4550882592919905,0.5197739435447649,0.38920547865395727,0.021723048540594595,0.803244049476271,0.8259222512545876
169,2,4,False,True,0.3096806651648795,0.0815245772569076,0.3736123970389046,0.16448869563017804,0.8200508923333968,0.843547900225268,0.24441735435645925,0.6975085360412382,0.6150216226983736,0.5419004994184246
170,2,4,False,True,0.36977505236599356,0.4556199453779124,0.10032079148487857,0.008597058665618456,0.48865851941350086,0.49,0.06072682054790875,0.00047551021477946966,0.48581420620210175,0.52
171,2,4,False,True,0.08459959096454595,0.46869615832394146,0.7540155838291993,0.2981661656842522,0.45684689866668643,0.5220821349817,0.5056678783600383,0.0051114172584293,0.772037909196738,0.81
172,2,4,False,True,0.2940832883051852,0.03326260566659828,0.07595834745292601,0.011604810341318597,0.6982831844230145,0.78,0.11265658719422574,0.1830619197585185,0.48385708340774547,0.4600424366000409
173,2,4,False,True,0.4134516979502409,0.3939689160417402,0.10719003321219686,0.017573804726535726,0.4963319561169395,0.5358654830204976,0.25441783673782314,0.01639695998605416,0.5091206216791652,0.43
174,2,4,False,True,0.2447681471461552,0.39118253222395766,0.028122121209107377,0.023745080840928565,0.5168862539615969,0.5375523185285385,0.09202060192868214,0.03017547722127294,0.4724524185351568,0.5121763493555208
175,2,4,False,True,0.26598423299084123,0.35298767682626203,0.38953075937708104,0.01206437783379278,0.5047800635500692,0.47,0.26716889002548905,0.005255645228965718,0.4996629621190152,0.52
176,2,4,False,True,0.1696514210401659,0.047100245436511756,0.2232351466757087,0.055254792280525766,0.48461280794295664,0.4466069715791967,0.18140698198326902,0.011267623821659576,0.5291904073937284,0.5516309042797605
177,2,4,False,True,0.2645264519696251,0.3195598191928758,0.2005693937001191,0.011111368581968272,0.48732690270297097,0.48470947096060746,0.5587984596847376,0.00537353971707065,0.4952261625312997,0.59
178,2,4,False,True,0.478518582532438,0.18750046652609453,0.12621096137250806,0.00016060565956548756,0.5008037035436689,0.49,0.08933194643893454,0.004397940592750376,0.47115617325645753,0.5212499533473905
179,2,4,False,True,0.08210702856537266,0.3526696423460209,0.22524975463521607,0.10460843413528678,0.4265631065302234,0.4274515017181614,0.08005318925713342,1.528719834857157e-07,0.6145767964291848,0.59
180,2,4,False,True,0.15289512989911114,0.04564392328425826,0.7609986547010987,0.09532278657172787,0.4816117168011815,0.6004945324524622,0.41911812304079055,0.07337116182545059,0.6295481707676989,0.5753522814265005
181,2,4,False,True,0.17163809992797407,0.05353342465766814,0.1561366185927794,0.0936391621994908,0.6390482698299251,0.719403428008643,0.18460619086672284,0.12170809265842669,0.5332328729588449,0.5323339698629695
182,2,4,False,True,0.4401796908073984,0.07766957431386379,0.3152405148236876,0.00043744821867228135,0.7618316046802237,0.795598203091926,0.4784604540275095,0.27541500614659853,0.4750952560731103,0.44135930216467256
183,2,4,False,True,0.01127794170288099,0.21658992000332888,0.34496309477917764,0.07019210881412448,0.5361587870616258,0.44379713206341553,0.263528595020457,0.05310404731534086,0.5832142811997421,0.5413364031998669
184,2,4,False,True,0.3474543917841011,0.3844716433385965,0.326040662367374,0.0038837261628089236,0.4903203648657272,0.5,0.27445649560013524,0.0005027634801359869,0.503585032234318,0.53
185,2,4,False,True,0.13563285051306068,0.47193470999508785,0.03541289403703671,0.16541595805731032,0.4508762955478308,0.4643905312896452,0.4998289732635558,0.0016293663733395513,0.6563841958700146,0.64
186,2,4,False,True,0.09541392267493598,0.03898028777995077,0.08051636825039776,0.3821463554252718,0.6291994332735952,0.668513405517271,0.5241602920065472,0.17158699133759014,0.7641057356748217,0.746866755387042
187,2,4,False,True,0.3262602862149643,0.21149448147849303,0.4673034544142972,0.0074029934461217525,0.5036251929339952,0.48,0.18902562210121052,0.010381486407588956,0.4701795167521588,0.5009654966669356
188,2,4,False,True,0.4468934023454961,0.18380657649529614,0.615910502088221,4.25576743263868e-08,0.5022849705562472,0.52,0.15535402008960716,0.0071432007634648995,0.4835722970892742,0.4489716054102823
189,2,4,False,True,0.4176656815604539,0.039069941739253045,0.11349972032027253,0.0036953511016073683,0.5268940059106373,0.44,0.318959232615563,0.02925119260905342,0.4621109995611894,0.5032742547651022
190,2,4,False,True,0.2989589613049877,0.12954428991304145,0.09006345411701236,0.001777464345567881,0.5392856216089531,0.44,0.19923030597760985,0.06786249956931509,0.46771454190770473,0.4231592423113046
191,2,4,False,True,0.007655003273755345,0.42645374329240165,0.1440567583337342,0.10713372613968103,0.4997381551641755,0.4847945977738464,0.4277199592767632,0.004498512879697413,0.5919148237969531,0.52
192,2,4,False,True,0.4820940384444717,0.0235236186339578,0.1920373806915115,0.00028212815343575567,0.6940895298077776,0.6651790596155552,0.7952877430952783,0.22402150601689663,0.48248332873292793,0.4980029544966815
193,2,4,False,True,0.04515017295322027,0.4481512326071412,0.36915169782125345,0.30276044565807186,0.46541808432393056,0.4529098962280678,0.3542674913698394,2.9243430339639457e-05,0.7671518487673928,0.81
194,2,4,False,True,0.19010439614062524,0.46687012198533595,0.3788035850984019,0.029410436705840932,0.4848807087434843,0.5242968681157812,0.12935097032630902,0.005606675081116973,0.5413379247557496,0.51
195,2,4,False,True,0.3694209598335216,0.20010742995005165,0.41327013905304566,0.007005886512731907,0.5021191800980643,0.45,0.46788253190761,0.010992504363598957,0.49689559537204786,0.4579989257004995
196,2,4,False,True,0.47548397932301373,0.23618619340660246,0.9,1.3735964242991476e-05,0.49447206441860925,0.5,0.12387328206526269,0.003972724745105446,0.48576154618769185,0.40763813806593396
197,2,4,False,True,0.25034896612824437,0.1852197134574708,0.11624362606237751,0.03836368647273403,0.4811087522036415,0.5124755723710228,0.054166197566302476,0.0280743884737101,0.5305714775479983,0.5633302257888276
198,2,4,False,True,0.2716012206243044,0.30287524292089474,0.07861449866663796,0.0007486756673194136,0.5003037159719398,0.42,0.7655399164014786,0.0046278767401496885,0.4880247319856957,0.516971247570791
199,2,4,False,True,0.0007467681107050095,0.1475646224873754,0.5893319520456239,0.045943281611266505,0.8227762245971281,0.7893428440625797,0.19275937582962702,0.5035786296946033,0.49062885093885505,0.4444125189573223
200,2,4,False,True,0.37819964613962487,0.18032998613162515,0.35750470932389733,0.004562871616948441,0.4998609429370412,0.49,0.01684038188284171,0.003572365092279396,0.48782119079049735,0.46459010041605125
201,2,4,False,True,0.34134364506946635,0.07552223804406832,0.0,0.021103128363515335,0.7362375717510132,0.74,0.4434357606496458,0.3392394788696918,0.45801558070150106,0.4554418795539998
202,2,4,False,True,0.08724111729984246,0.39433090388252817,0.12613690201770894,0.15590310815830422,0.4724862122088354,0.4942311419070647,0.16360364976488642,0.0005929935648902446,0.6843734476670931,0.6960566909611748
203,2,4,False,True,0.23337882664060933,0.11788368694405826,0.04340544185615911,0.003247595412002416,0.5038029830348674,0.5476662117335939,0.26787050035540527,0.014694406429567243,0.4883331967039586,0.4829269787833565
204,2,4,False,True,0.038430052379441304,0.4596769209399437,0.04579475213913704,0.018702210369083597,0.48758448262739873,0.5523221759054572,0.17270513260260373,0.0008587681129330186,0.5222588723134621,0.47
205,2,4,False,True,0.10831615596086397,0.38327235450527086,0.3281302389819897,0.31698221652946734,0.44775937884536826,0.410677660185047,0.3879820297548532,0.0054458891480986225,0.7688139675131453,0.78
206,2,4,False,True,0.0951273150462314,0.3877699233072365,0.7043367525258698,0.2452804868841876,0.4584240253630373,0.4690952545301205,0.40418624382680973,0.007507186302837771,0.7263508618206126,0.66
207,2,4,False,True,0.0551964311835183,0.47670944048649316,0.3936292519687883,0.11364015240462179,0.4680608593826424,0.5184733918384279,0.4550432492326135,0.00019438564276052532,0.5997222007344919,0.62
208,2,4,False,True,0.15483773810865115,0.1103136255215515,0.32354516345057993,0.006482754718959863,0.6394375032012234,0.6938064904756538,0.1867361360753475,0.17286743134317517,0.4708981736046953,0.4635247298748277
209,2,4,False,True,0.42955803670936565,0.015190694083855705,0.4874283752742626,0.006840368977490772,0.5152614638292354,0.51,0.21923622399909437,0.026822768057562386,0.4951234313691919,0.5627084668397493
210,2,4,False,True,0.2832895030136728,0.4944247079675161,0.16156674554832684,0.060073243460908754,0.47674193180257746,0.46150131490958984,0.25114931939601004,0.0002050952172688065,0.5498122656424714,0.51
211,2,4,False,True,0.03597299558022471,0.21536072142292711,0.2531356247110958,0.16089763526915823,0.4864694870347412,0.4520135022098877,0.20579882277735506,0.008341857965107238,0.7049295270543559,0.72
212,2,4,False,True,0.33317969981727175,0.10915883261669412,0.14251368132170958,0.0029697272759828574,0.6357675577410599,0.7266682030018273,0.3613530772161117,0.09790259835238034,0.46593392170344416,0.422885996910324
213,2,4,False,True,0.22537110960871465,0.15645868466667118,0.4052574191507115,0.10120713319446693,0.47460796326105026,0.47323886671173854,0.2833308926684939,0.0011785586542121759,0.5312096188823984,0.4946269814466653
214,2,4,False,True,0.3225162272667488,0.11577232840068269,0.08013857820136902,0.0237581550186082,0.6582068396503353,0.6303245131819974,0.9,0.1843952572515965,0.4670672011079114,0.4132715590836656
215,2,4,False,True,0.2817583181507197,0.04699984257009604,0.17281624091148456,0.018655559320778177,0.5971825912599648,0.6471824168184928,0.32981171117270347,0.10341683091428445,0.4887954569581392,0.468720037783177
216,2,4,False,True,0.12376591279578075,0.13716609442066413,0.6405197248221765,0.027105148646498097,0.47389434926643537,0.5251480904645063,0.2419352999642032,0.010448890275542638,0.5057699052789565,0.4211951201716606
217,2,4,False,True,0.22224959055458715,0.1329228826346322,0.1480724456666453,0.05691092621936827,0.7165082182783801,0.7588875204722706,0.7149122911083715,0.27172851410229604,0.4990827137079384,0.5094893045988398
218,2,4,False,True,0.43825687206608854,0.37457653375795563,0.2269161748780219,0.0006563773294449946,0.48911670644542166,0.52,0.053469786912195096,0.0001605151264326242,0.4879632198926115,0.51
219,2,4,False,True,0.14866679580162356,0.48625361140132123,0.5869555725815954,0.0735337440023585,0.4880752540501813,0.47405332816793505,0.19037564280895672,0.0010509665473100783,0.5748329913326368,0.47
220,2,4,False,True,0.15450060010769306,0.24365676888272608,0.3950251018378797,0.01475808610317153,0.48560381117303225,0.5938199759956924,0.5583593676811555,0.005229817081128999,0.49471566985798726,0.52
221,2,4,False,True,0.3378108100050557,0.06650881436618178,0.1559062259545952,0.02408736059583375,0.7723061729958565,0.8232437837998989,0.4049340280755563,0.4079413605782935,0.4704602519960379,0.5094296232366291
222,2,4,False,True,0.02009977815720515,0.3863419430189909,0.2849167908775104,0.11159089562853909,0.485734942392414,0.5223620843002621,0.2236564468836919,0.003957181491911162,0.616877745642186,0.6661365805698101
223,2,4,False,True,0.4912612532583601,0.3781108980311872,0.09494875294406198,0.0030053044165501835,0.4989893243603375,0.41,0.0968379845519109,0.0036919820966346724,0.49087958088874467,0.5
224,2,4,False,True,0.21525411857549637,0.27206130729444333,0.5816362571823592,0.0053194930180091695,0.48819881808227367,0.567847458814245,0.37120612214654825,7.88860665036509e-06,0.49493749577759943,0.47
225,2,4,False,True,0.3305713644360116,0.05601039982366823,0.12486713708958656,0.0022055267254100733,0.6274488003591583,0.69,0.6908680892456299,0.09274544130760484,0.4798202329303075,0.45599740004408296
226,2,4,False,True,0.09240586238923088,0.20552934317387245,0.5737678102064845,0.11828470515040673,0.5245314394873632,0.5967338895398769,0.8716269033883156,0.04190871733295012,0.6427955881859025,0.5912258919556579
227,2,4,False,True,0.09733770602451114,0.25501618052603836,0.3428082448676252,0.3632705383598029,0.4753492795140346,0.46398504877093083,0.10605954852364796,0.04219243388853229,0.8097552103903294,0.8197993527789584
228,2,4,False,True,0.43542788885153716,0.32854478506441237,0.1099300855009214,0.000788280278814067,0.5080372591223306,0.47,0.35315316408880715,0.02785576657573268,0.4828522758349517,0.55
229,2,4,False,True,0.21469482649960353,0.19556430314831902,0.2621074174374576,0.374960802765482,0.538376839406461,0.5562690176651547,0.2662844877778669,0.136510856929519,0.7711836983415137,0.8304435696851681
230,2,4,False,True,0.27323741536634405,0.19392687952331422,0.25708603358490145,0.0118807540653934,0.5499487912128393,0.4445352516926731,0.4084805106497521,0.0426736087735769,0.484144924097051,0.47418219361430064
231,2,4,False,True,0.28655867845675076,0.0038756425152343676,0.5083775634416388,0.018723019054806785,0.7151194829408289,0.7456720660771626,0.6443413097252012,0.22824117839777244,0.49918122835245615,0.59751958879025
232,2,4,False,True,0.30554185822121765,0.43709406722801436,0.2922143398121398,1.1279519223330063e-05,0.48394232824791517,0.43388916283557566,0.44531426165489396,0.005417133235639385,0.4964469568688986,0.59
233,2,4,False,True,0.2530262841772198,0.026462748217047638,0.34619292290242865,0.08019133819288667,0.4959283723030374,0.5922881601075946,0.1645038897467104,0.014989589476610554,0.5601988711323466,0.5959188991224864
234,2,4,False,True,0.07513080997485039,0.3836791209983924,0.11138779947028565,0.018972875614954584,0.4744711725405037,0.5497146813067905,0.1434448386006903,0.004348437762965928,0.5295293498893108,0.49
235,2,4,False,True,0.49463992969943293,0.47120411080597313,0.449672264488969,0.0006990487217486308,0.5089666162179318,0.52,0.2040096553190358,1.2724046027614441e-05,0.4891759163002746,0.52
236,2,4,False,True,0.37288075796261605,0.3881224281573173,0.32400854994495215,0.0031508333186120153,0.4918033943152805,0.49,0.1518950960526897,0.0012461121071448732,0.5064160164597932,0.48
237,2,4,False,True,0.4054267200032273,0.4265205350763636,0.7290477983748674,0.007218824160689083,0.4990781353919632,0.51,0.529682419744684,0.0077582853509414115,0.496901512696816,0.5757347946492364
238,2,4,False,True,0.20425094831496987,0.48848464749680387,0.5265981539411086,0.06195047236879038,0.4748174146516528,0.40365992413480245,0.11221963404253639,2.5738785433717526e-05,0.5365161214935045,0.52
239,2,4,False,True,0.03819402839965519,0.16144549863916602,0.1427809985598364,0.6834741441507789,0.5020175798674613,0.4901391052321793,0.23277068881980995,0.020389539532030015,0.8833142793991112,0.8928675353129917
240,2,4,False,True,0.1254521409804687,0.15128777286643985,0.5874562566335959,0.12104782460851843,0.6318120415981991,0.7086007934764451,0.07338578005562449,0.21973723782993268,0.6313484277918857,0.5906651790547257
241,2,4,False,True,0.46942807019393606,0.22304439363608553,0.49141811860237644,0.000668559326188714,0.5098731750875841,0.53,0.28740792165515805,0.0285724945648716,0.4789597253977447,0.4733086681909174
242,2,4,False,True,0.4424723576199718,0.15354013308774456,0.04771659814723638,3.867360971711618e-05,0.5560477969920461,0.53,0.21917369977560291,0.06933426855313846,0.4687326218128465,0.49157518402947065
243,2,4,False,True,0.28310647543409556,0.25455642102971193,0.2187001191322159,0.0037003833819461555,0.5094072700567778,0.55,0.05335465735269841,0.01668316576018818,0.48630474391727474,0.47
244,2,4,False,True,0.14918743857813616,0.08529390415723992,0.03767668733061965,0.05545924002345874,0.6755229448761151,0.6837518940407779,0.4933412550438664,0.26887304226268083,0.48541750983484444,0.47944132804835976
245,2,4,False,True,0.0513753878914463,0.023120462489945925,0.09639160033746266,0.09502852420219389,0.6262181343719376,0.7035234745970734,0.5671839430638898,0.22452093201542625,0.5708237764183715,0.5940468808819372
246,2,4,False,True,0.10204809189828279,0.37690426358479334,0.3408688088209323,0.3219745775695006,0.45439273093936233,0.5353036487545839,0.3230122048764901,0.000978744894169618,0.7912248637206809,0.786230957364152
247,2,4,False,True,0.32387563588243945,0.3608314774416307,0.04347779415642457,0.0034813089512442585,0.49518228196782277,0.52,0.4444366071243467,0.0016073291098533593,0.49290409205602437,0.52
248,2,4,False,True,0.23162905962785935,0.1419577276050537,0.33379428236424724,0.009263171018398207,0.5834116955762189,0.52378596582605,0.5504077765925213,0.10817716225490641,0.48542242540403185,0.5615454954113431
249,2,4,False,True,0.4843432740842137,0.0007052756803372362,0.4181750704390357,0.0005049577526221823,0.6702922731599726,0.67,0.40514458338914566,0.21321637845928876,0.4914722422084037,0.4794780959965504
250,2,4,False,True,0.08934668894205094,0.188750315571303,0.17079636734498616,0.2204859860067642,0.4917282833568477,0.46391759599043086,0.22340289667365157,0.02604681688579169,0.6868609775313232,0.6167874779100088
251,2,4,False,True,0.11391673784037232,0.3426243172171439,0.17993270370593253,0.27992498515969017,0.47338245695635794,0.436964146026292,0.2884134591815988,0.01678468106259797,0.766921613109431,0.7631475136556571
252,2,4,False,True,0.21384034159366017,0.16523040588758664,0.054835358905819406,0.3198543982441399,0.6121288232808005,0.6594326872740921,0.3462891406765342,0.2244927517668324,0.6864807104411288,0.7671262701159722
253,2,4,False,True,0.24447491616764716,0.16122709357130327,0.32310900850478325,0.04908108222399108,0.5097820615556901,0.45777625419161766,0.26435990694164024,0.018347334671200227,0.5158595998540808,0.4903263743857218
254,2,4,False,True,0.11695420566009396,0.4556397089503629,0.06152393689934166,0.18093958635051166,0.46164613653006453,0.4624568691509859,0.17466134500351166,0.002054776213842163,0.6473738301246623,0.67
255,2,4,False,True,0.27016233735918427,0.3342480423706347,0.7088817878564247,0.011901236211147071,0.4954177013104636,0.5118951298792244,0.1744502495399556,0.01940331570263735,0.482435017733976,0.5166575195762937
256,2,4,False,True,0.0812223275282265,0.22921018864938242,0.14996674927681336,0.30492189826576366,0.4669861069700206,0.49720548710665285,0.36712659158916905,0.019541545519580893,0.706384225777261,0.7016631849080494
257,2,4,False,True,0.3229982646186374,0.23608746341242381,0.6594330786450191,0.013349493782307417,0.5099237487642163,0.5267700173538137,0.6584214299180713,0.027866775146504884,0.4986202437366601,0.5005565014635031
258,2,4,False,True,0.2849168949234696,0.3974177810271852,0.1754517589924895,0.022353344426569853,0.49437763580046684,0.46,0.1394170439623291,0.0027701359210715415,0.5065108941078431,0.54
259,2,4,False,True,0.10971339105270306,0.1519654542860876,0.24998758118112874,0.016346174345668246,0.474502064098393,0.5028232418473376,0.2595048349475947,0.01738825839388963,0.5169135707630912,0.4717641454856695
260,2,4,False,True,0.0062517162180909525,0.11442004758146307,0.2222583466174089,0.5934596981038511,0.8982175194716284,0.8952486956742508,0.27632483013757375,0.7494891045233922,0.8403272812306688,0.8736363724027514
261,2,4,False,True,0.4870067428387396,0.14180111449343008,0.3946790277972418,1.210649754475876e-05,0.5561233878628903,0.53,0.29923952291115213,0.08527109612902267,0.4785813083473835,0.47731182168105124
262,2,4,False,True,0.1705248407843194,0.04576433241857497,0.5776831284428863,0.08925874525375638,0.7570999806343522,0.7595370191058817,0.5025616332474871,0.34369423639891417,0.5194267893105796,0.47444012697768445
263,2,4,False,True,0.2703619271133357,0.029284898072729937,0.08356609689433672,0.017902492791375423,0.7281778340805011,0.7356674265597999,0.2518488547637766,0.26411660095091277,0.47776906211594705,0.5168649305225433
264,2,4,False,True,0.4896849938469364,0.30421850382334914,0.4725091042600414,0.00035298890797703654,0.5395226930135367,0.54,0.10043612997418286,0.044972077277609414,0.4841333419355101,0.5247890748088325
265,2,4,False,True,0.10069154171545519,0.2856609335624216,0.24204295071186804,0.0963911444834449,0.46927325791592567,0.5297925374853635,0.5024758746852664,0.02059641569141537,0.6162444363665524,0.6185735626575031
266,2,4,False,True,0.15234118633777555,0.35092195744679067,0.09881953717428069,0.18373157823723463,0.47529597392485395,0.42257858645920043,0.23408187828972893,0.02456836310493277,0.610930128578724,0.52
267,2,4,False,True,0.3592379677512386,0.46822693996517833,0.06395661131326501,0.00018523219272822958,0.48960762032248767,0.5364076203224876,0.41696810565576925,0.000883397168978868,0.5077762553440837,0.45
268,2,4,False,True,0.4371211455264509,0.01908615364771965,0.37657055136274853,0.004639818494478471,0.8245718944921305,0.82,0.18986461364567453,0.3955345260070603,0.4840999548773575,0.5006477847126173
269,2,4,False,True,0.16953563758281204,0.36857577057589985,0.06378130755107776,0.025088140543003744,0.484575599295443,0.4981325053692032,0.3188503000808224,0.0005502957282180468,0.5179522757276754,0.53
270,2,4,False,True,0.4009322013136031,0.09481908689004892,0.26764612541711796,0.0003038446028966546,0.5599981355973729,0.57,0.0578773981099979,0.10653773133072653,0.48163744949667486,0.46577713696649264
271,2,4,False,True,0.46473653220062305,0.22124998322538164,0.21141128378419233,0.02117573370029953,0.6974155878726221,0.7053526346779938,0.2445799256713049,0.25816309018660916,0.4628790036635767,0.46566250184520813
272,2,4,False,True,0.24005975939762636,0.3785197247343449,0.3603040511608503,0.024873211183195985,0.48586227295340867,0.5851988048120476,0.5258043029062064,3.134078405894683e-06,0.5152051085780578,0.55
273,2,4,False,True,0.16798609659026198,0.4739417250872688,0.4115028458853523,0.21954207235431616,0.4571114889194433,0.4280826416478502,0.8045382783428957,0.0008866265259778219,0.6672255689972468,0.63
274,2,4,False,True,0.304305353370135,0.4480389809339305,0.2881477696699077,0.007676448286851021,0.4888966715191167,0.5169569464662986,0.3958248776137688,0.0013591115050780253,0.4999909817067701,0.44
275,2,4,False,True,0.22094316423741106,0.46538225639487774,0.7183017617426743,0.24524103274527853,0.44958663689439615,0.4946490937220142,0.38975036303012217,0.0040079273947695344,0.7023007829129096,0.6653461774360513
276,2,4,False,True,0.10078330331794733,0.34300016101527464,0.1410424850940092,0.040898820813159285,0.4697168116364019,0.4838746714691285,0.5046477965919737,0.001053211506486404,0.5168027967152884,0.49
277,2,4,False,True,0.04776223354028558,0.07691619056055837,0.3060467733490453,0.043881539423958255,0.5870525826601705,0.6451636385590516,0.4819644364402361,0.15291338388482392,0.5585481997844581,0.5446176571150158
278,2,4,False,True,0.3913489850521173,0.45532465325695054,0.0,0.0017635112381010748,0.5067428444122599,0.5360865101494788,0.2647181548865071,0.0006652100917986063,0.505224233852298,0.54
279,2,4,False,True,0.2156927354422815,0.3228459174703003,0.3911068823426069,0.0326489035077021,0.49597426041192794,0.5956861452911544,0.36917014215984734,0.0007643482266160264,0.5130503395961425,0.5767715408252969
280,2,4,False,True,0.47786660381850155,0.10689627635464832,0.1332252507709675,5.673315383070127e-05,0.8110832000942723,0.78,0.43015489896015235,0.42019314987022177,0.4602604402431143,0.5479311170936055
281,2,4,False,True,0.0601181493649362,0.12470686603883285,0.1272327155832405,0.5743713316335264,0.8200878383433745,0.8029468327857786,0.04790699268769333,0.5070695000829752,0.8480151430199465,0.9013408715279617
282,2,4,False,True,0.3995070802847304,0.044667480661816805,0.08506764535372406,7.328389155181253e-05,0.7741607886715445,0.74,0.09346964256444608,0.301037778263271,0.47708538347914564,0.47587956044261903
283,2,4,False,True,0.12554199826327817,0.06829481970830387,0.1970345205090645,0.5087115090548607,0.6992722800898963,0.6884844208509938,0.21751459757530914,0.30739324771049614,0.8287681941326355,0.7585843829341802
284,2,4,False,True,0.06559284034374802,0.010623114274005918,0.1867066570411789,0.09823603267692188,0.6665354278136513,0.6706442957937512,0.37816579560469044,0.17129153064566388,0.6152563368620574,0.6905454282961345
285,2,4,False,True,0.14313554403725892,0.4730666474017542,0.19842990457090529,0.025865476792100665,0.4445691680842262,0.5099220476695675,0.21967246301951393,0.0003733644441417256,0.5508142934508492,0.63
286,2,4,False,True,0.32513366729456566,0.247048314222734,0.1878334857936516,0.0037931703966844815,0.4985516578960443,0.46,0.4788410441455723,0.028045070835184704,0.4811074413622924,0.5
287,2,4,False,True,0.30025230674060294,0.4883645358770893,0.14347779415642456,0.013407422132670616,0.4934440707915958,0.526997476932594,0.13942312733452755,9.585076540695694e-05,0.49197676156748277,0.51
288,2,4,False,True,0.05639659283992049,0.46973755830132347,0.23250770088466974,0.7432129316729994,0.479636788963234,0.4406737717232414,0.11022113161296998,0.012094421487259855,0.9318870913689543,0.9753026244169868
289,2,4,False,True,0.2611129747054016,0.045161675965528725,0.2018090913451646,0.09546579629001188,0.5690086220221864,0.5934441835412438,0.5461421676319247,0.07748267787001291,0.5382063654217042,0.5300644312875836
290,2,4,False,True,0.24477743635361904,0.0482694939272878,0.6296724978910262,0.020447275035692988,0.7449357425369597,0.7526566769093915,0.41810506105213924,0.28748025783424613,0.4782850416577662,0.3633151846152613
291,2,4,False,True,0.1275788293913066,0.07724470082857837,0.3058610484173754,0.2516658976419569,0.643865763337008,0.7293810809460863,0.47109799744358005,0.12428641133414024,0.6677395591383123,0.6313358384779955
292,2,4,False,True,0.32380525233540286,0.06324921745295214,0.20881681224006812,0.009335305870070656,0.6344743638822622,0.69,0.20834938615542323,0.1581175186602883,0.46703830930885515,0.528375391273524
293,2,4,False,True,0.21873754368621412,0.08027193585163606,0.36985051532464996,0.06666586392425819,0.5033355745430176,0.5368757473788272,0.05612133496692331,0.03250314922224553,0.5332634449718027,0.4955510515467056
294,2,4,False,True,0.1024849521721316,0.031978638973326035,0.6495785832749459,0.10106057133905322,0.7112016202200325,0.7897823734356554,0.5716269033883157,0.2992479414429208,0.5902539137115815,0.6649700396825367
295,2,4,False,True,0.17706905848848165,0.4507202382584675,0.5710455416903585,0.04584388526865284,0.4853691458102099,0.4946879282453456,0.16873977382096522,0.0032401116951225124,0.541556254761056,0.4854927976174153
296,2,4,False,True,0.44236704645085195,0.3042848801967253,0.33618647551431924,0.00030709081184670064,0.4978283535144579,0.58,0.5733831840156978,0.00026739637399044575,0.4960784308234688,0.57
297,2,4,False,True,0.4583191527422695,0.14224952437494454,0.3541512716089124,0.00019711010880705006,0.804904185101435,0.77,0.1503088819636,0.3596501864615352,0.42278502047009114,0.43025519976252324
298,2,4,False,True,0.16964108261346955,0.133360835441224,0.5564508901529692,0.01696286960353909,0.6986813903652745,0.7432143566954612,0.06608736439062479,0.26554284786553234,0.48518002215740036,0.4713294830382287
299,2,4,False,True,0.14218094188991054,0.4786654372459093,0.3615673872252685,0.033531086222038715,0.4192886305697455,0.41175314789284284,0.20343838989774804,0.0021504074277114123,0.5444981389886688,0.54
300,2,4,False,True,0.1790704131474007,0.21693196116048108,0.037145812411403696,0.023318427526036342,0.4858759368062567,0.5656743669482079,0.4710410192425301,0.012415501568852594,0.495435329095886,0.5017988450491374
301,2,4,False,True,0.4251883819373135,0.1603171780366925,0.5465507915130666,3.7108476161493736e-05,0.5996047362652878,0.51,0.397437598464858,0.127946078666727,0.4701509924365933,0.46076193863559695
302,2,4,False,True,0.013338870273334802,0.2969659432360299,0.5424190492945618,0.03111921616253637,0.5097396944372738,0.5333305648633325,0.15525223085261425,0.011268232954511119,0.5228971517530526,0.61
303,2,4,False,True,0.06622318155319612,0.21390270645668696,0.1030277488175713,0.22890666359520356,0.450818703971122,0.5029815410972306,0.1642136536360698,0.010297808503839413,0.7299786291186144,0.7078609729354333
304,2,4,False,True,0.07684399568993983,0.3126914300690521,0.3852343486775699,0.0020187016430874925,0.4620234917188256,0.5569570818533259,0.22546934746872624,0.0009650674105137741,0.500899387423779,0.46
305,2,4,False,True,0.38171830013852914,0.38557000270183206,0.24683893285917957,0.0006151456011478791,0.4922253043876865,0.4961828169986147,0.35021022248799893,7.823246782024707e-08,0.4905492639870313,0.46
306,2,4,False,True,0.2876242057515254,0.44365328415690847,0.06803663435129088,0.020480607255291872,0.49412612478055234,0.4571237579424847,0.42787802630922017,0.0013606760408936573,0.5028409284720937,0.5555634671584309
307,2,4,False,True,0.06925411702617379,0.17930327399354007,0.24102583576543535,0.1677644067608642,0.5057553011581349,0.5542922827627252,0.2893308399136714,0.0753058631192603,0.6343704923591649,0.7366905743808398
308,2,4,False,True,0.37467033097488306,0.3135926301792503,0.33490577465256266,0.007835893972748703,0.4958411593261789,0.51,0.03139883185398108,0.00041471069552335066,0.49983378505739057,0.47
309,2,4,False,True,0.23436664718463107,0.25278088905009644,0.42618952876221494,0.019684410193280072,0.49179243724917954,0.48296900058446113,0.254110141798394,0.023165933939145275,0.5013820903042758,0.49
310,2,4,False,True,0.39401808190153986,0.11463789203673042,0.3024188860582946,0.013892266841770678,0.6921123580924953,0.6142392767239384,0.9,0.1709951045229208,0.4612204663682312,0.4613405269908174
311,2,4,False,True,0.008971206650942531,0.09656559276149251,0.3433837591182999,0.2666597027314023,0.517179727006095,0.47363044327783094,0.3636481561621039,0.029039271243030212,0.6829534443016424,0.6394424510401732
312,2,4,False,True,0.25136520327538775,0.3292291509574837,0.1689179711282223,0.011647434128948204,0.48372952195086916,0.51,0.19474225977113072,0.005044266164990411,0.48784405680139226,0.4867077084904251
313,2,4,False,True,0.18151606776636742,0.08725115265561934,0.1389698386599571,0.0007724767359943674,0.49103138147837744,0.52,0.32142277587773344,0.0023407650980447566,0.48624587226050353,0.4116772579423199
314,2,4,False,True,0.18316839878606328,0.3732603619737092,0.2933527024783166,0.05373810715575487,0.4834569247677677,0.47900989607283617,0.1047564717361216,0.0011960440240951088,0.5528696325159077,0.44
315,2,4,False,True,0.033717368461887276,0.015609459875400855,0.7552022143215951,0.09668932108570298,0.518983013295907,0.6151643578767696,0.2030502452700465,0.03912437721277935,0.5374709523928264,0.5087611888897113
316,2,4,False,True,0.12054125173411345,0.11051915682106506,0.6626219359125844,0.05644410916549042,0.8105729185833771,0.8357564367196489,0.19412811368360514,0.5601009488586178,0.5183277827199405,0.507004080611993
317,2,4,False,True,0.4884589118831204,0.32200293465168794,0.7877336678891655,0.0009555025576608182,0.5009415479172208,0.49,0.40285977679238194,0.01032025024694333,0.49269714893706057,0.43
318,2,4,False,True,0.20310205324514952,0.2761066960473493,0.6322261343988127,0.06906355770998888,0.4968651251087548,0.3857828562728395,0.0732036089161177,0.014063810483891612,0.5602305902900443,0.5217167991185795
319,2,4,False,True,0.3670586989784294,0.25365828137374874,0.4264755350517463,0.0001198703501993307,0.48739011866837684,0.48632941301021576,0.3990570945667849,0.004068193754120234,0.4799131907402981,0.5773170859313126
320,2,4,False,True,0.16342833121360584,0.380346713160877,0.37841028965817297,0.07457080268903755,0.4549900026946908,0.4824114838208707,0.3488769423108144,0.0004318016616453912,0.5375252025597299,0.58
321,2,4,False,True,0.31810680485944753,0.2682413130214685,0.16885468446351284,0.0007782431893209314,0.4902639514195903,0.45,0.280339469009066,0.004315198345152482,0.48926414922379297,0.42
322,2,4,False,True,0.0539912773927228,0.35789771026858797,0.10175040739287478,0.3303156882445814,0.5163202979962795,0.544084186851493,0.19759558766039112,0.0481872622969734,0.736010313715796,0.7721051144865706
323,2,4,False,True,0.26916536055765355,0.32780359995362174,0.1592108250056201,2.106275488565062e-05,0.49610783620677323,0.55,0.32709551542015936,0.0007990631185088051,0.48855434632017625,0.51
324,2,4,False,True,0.09664246496022488,0.3122526188719704,0.26107121833294344,0.022110956471732293,0.4852527225112831,0.4971007260511932,0.08749455109905238,0.0039603751798535595,0.5045588969780699,0.4
325,2,4,False,True,0.42952866929872463,0.039401448009872,0.11237448350392806,0.0007486233070198448,0.6616805451857868,0.65,0.19217102422721594,0.17321053228355043,0.47633199232264806,0.4702992759950641
326,2,4,False,True,0.27830796952072456,0.41847547791877,0.10952901915145444,0.0025964977540845107,0.49227353624383424,0.45,0.17702679061809792,3.225538754834382e-08,0.49129782942649747,0.4
327,2,4,False,True,0.07079261942573556,0.47704294288599897,0.7239324359342469,0.6208905121764464,0.462943321258419,0.4595591736469336,0.22494615316478375,0.002959193604229062,0.8950267693397779,0.8952295705711399
328,2,4,False,True,0.4485995021664128,0.37639224472569294,0.48582580029582234,0.006500426778290381,0.5038280246298523,0.49,0.07532352353057273,0.008554239186472041,0.4934844068590722,0.5562360775527431
329,2,4,False,True,0.31187058894240577,0.4216492230677063,0.3408583444555392,0.0030444353322355323,0.4922798905757194,0.5068812941105759,0.3403298523469941,0.001588956648769172,0.49814474341850207,0.47
330,2,4,False,True,0.33398515364105325,0.402729772174572,0.4072736230205479,0.002746501504844756,0.4957589751870356,0.5166601484635894,0.2783942910227199,0.00034678962858661686,0.4953542674784334,0.53
331,2,4,False,True,0.02732791934277129,0.4971105246203452,0.22935008786995806,0.16341963198517828,0.4740331088266031,0.5295040604929214,0.06842995599255236,0.00026078269420273125,0.6669543342130695,0.7
332,2,4,False,True,0.2908647869314572,0.44365368923621434,0.09016504861620084,0.0011188215751456055,0.4927819732457399,0.4470913521306854,0.17606133777209731,0.00028905126250832266,0.49074934712673546,0.51
333,2,4,False,True,0.4356977758385275,0.34454583926995713,0.5915311455566068,0.008463060597332584,0.5045052195813476,0.44,0.07506213779344374,0.024081679762174013,0.4901703523254633,0.32655454160730046
334,2,4,False,True,0.3021284121447551,0.1956069496044171,0.40306079978045856,0.022902102340878257,0.555885083429585,0.5869787158785524,0.3015964091675849,0.07863257939921824,0.4799254774107302,0.4884832355435141
335,2,4,False,True,0.4243833117193484,0.24752896974861527,0.2934072789534873,0.00426928135318757,0.4952898101685891,0.55,0.5575132199178116,0.01248279013667685,0.47958693767038774,0.40762355151256924
336,2,4,False,True,0.23637831297661155,0.012770821580387282,0.379923630721198,0.0024963342362871468,0.6085598547015315,0.6176362168702338,0.30796927250544026,0.08406173828737419,0.49134330122323433,0.40450854672043346
337,2,4,False,True,0.18874987698923978,0.03921521360508623,0.3016424165063259,0.08306689319079409,0.5577776671803897,0.5390375332129053,0.429924780261139,0.11144285283316419,0.5984511292357584,0.5562746752382197
338,2,4,False,True,0.23132888792156575,0.01938838593449399,0.1876524696701513,0.022742308144669376,0.5262632364813963,0.5530601333623529,0.1456892233229044,0.06995742187137678,0.49075574919275106,0.5119688010809206
339,2,4,False,True,0.020839246121953037,0.4191597379703478,0.41339502306165576,0.33169893922302174,0.49354329201678454,0.5206223392451211,0.5498159424043327,0.006527809183478197,0.7790922345678906,0.7958084026202965
340,2,4,False,True,0.48236325631602217,0.3401585608268865,0.14326631949047325,2.415130133286035e-09,0.49763880083610473,0.47,0.06252005877640805,0.0005444736663686347,0.4934496035979328,0.46
341,2,4,False,True,0.23057388116570154,0.08735073541661698,0.7814123417653583,0.001987944167622803,0.5995137135421678,0.5884713059417149,0.08342943317660376,0.07119922945747077,0.4685761151112644,0.5881623161458457
342,2,4,False,True,0.3979674611162349,0.12566317225791018,0.3570190981474228,0.0072437053864645275,0.790962154673833,0.7760203253888376,0.7340044260170645,0.31525734048578785,0.4456066125931005,0.42345157248394044
343,2,4,False,True,0.3902102313016171,0.007371812396244737,0.6710717982038938,0.051808200075706974,0.6801360588620682,0.7943915907479354,0.42758590763627924,0.20682935909426084,0.5278160159324804,0.47616665755395277
344,2,4,False,True,0.2972410948168571,0.40627760942752056,0.38405732270636667,0.007796123799922053,0.4908235268857086,0.47,0.24079943508509527,3.7160899275204924e-05,0.5049312113468015,0.67
345,2,4,False,True,0.2476361027032002,0.12900148684183171,0.5145842258288412,0.03753965595330157,0.516249756465925,0.587523638972968,0.20750436156346205,0.037396881484591166,0.5061426114684558,0.4232298067105619
346,2,4,False,True,0.16202734883103703,0.4975351093082375,0.17373928057577387,0.11856531093865585,0.45856803019710235,0.40949316279224063,0.360488768149654,0.00019935071803301135,0.648306901693937,0.6
347,2,4,False,True,0.40328404748314023,0.15935031222543272,0.372032777451401,0.0002851021418917257,0.5607337603097821,0.59,0.2392438722798195,0.05252850879185525,0.4627432384735464,0.46609745316618506
348,2,4,False,True,0.046241240842662346,0.38399943771560846,0.18663616179336476,0.07741345292271636,0.48716302267713124,0.485202802930348,0.3339994491720336,0.00018839437523733864,0.5661472009558834,0.57
349,2,4,False,True,0.36202498884629203,0.32980677958352295,0.3948986883491899,0.001710856593297266,0.5328898750557686,0.6,0.3410740346486197,0.04082609059454964,0.4805523471219918,0.4835096610208238
350,2,4,False,True,0.26796504805363075,0.24422655712328967,0.6749141244156608,0.056088645337506425,0.4916467460747452,0.4219610485583911,0.41477233933706137,0.020949367508332525,0.5390417878183013,0.5202309377150685
351,2,4,False,True,0.2989782845907488,0.1299042848228829,0.09171947890973828,0.002696064056859789,0.5825988889240605,0.5870102171540925,0.2065988613350287,0.08769467819335432,0.469079309418979,0.3809067000623982
352,2,4,False,True,0.4221989649197087,0.11661431606534828,0.44286326850748053,0.00011708464489898043,0.6132244816561284,0.65,0.25278992047289667,0.10442855774646174,0.47765412802732515,0.4625078525901978
353,2,4,False,True,0.24088223374176232,0.23340077420278477,0.13787740312109115,0.17018049784996264,0.47178072524033776,0.3935029542884061,0.048806469940683536,0.06471464790552091,0.6209386057283848,0.6129979767739164
354,2,4,False,True,0.4596198810952806,0.41278068675639806,0.36376059862830096,0.00015723392681601372,0.48616591522471864,0.46,0.5581401798490019,4.6258782366476864e-05,0.5012331605578116,0.5
355,2,4,False,True,0.33221466612091055,0.35377923204444045,0.7552022143215951,0.002237936386337338,0.500341947070869,0.56,0.5575737445246238,0.014116702620973759,0.4853211309784489,0.4629244153591112
356,2,4,False,True,0.4938039419261672,0.23753510216122226,0.14332872453851322,1.4823606980706714e-05,0.5956555764522664,0.57,0.46730995471800013,0.11678590814540601,0.47502598431275617,0.47049859591355114
357,2,4,False,True,0.21291862843588655,0.012278551230279655,0.2673909023333941,0.08125964157246944,0.8417351707798242,0.8914832548625645,0.1810606163008525,0.5091292632709057,0.5530824559810702,0.5687037328681427
358,2,4,False,True,0.06335907004186314,0.16565654931863377,0.04361880566681893,0.06424801271952671,0.5163354149213605,0.5157861021773938,0.25459200007145477,0.06616233263159185,0.561529699876215,0.6217777795749503
359,2,4,False,True,0.4131237951581209,0.38494624269534455,0.1229855395570167,0.0005431235763763749,0.5015822553013042,0.51,0.18777219481929291,0.0058963209696397964,0.49895806445169893,0.48
360,2,4,False,True,0.27605516799127416,0.12841032199268,0.2544854077091449,0.00923420738798773,0.632402883008493,0.5944788966401745,0.24945372518629094,0.12786566096573831,0.4475560598122822,0.4201928001822692
361,2,4,False,True,0.4944707062902572,0.24950729147658524,0.04662440584640553,6.34169122608337e-05,0.5049560822230807,0.45,0.21812139376432352,0.0009493992850559169,0.4902088687534214,0.4875049270852341
362,2,4,False,True,0.1237276316616841,0.18870151292719894,0.2398544306354704,0.45720416480625725,0.45664785509189015,0.4430852894356252,0.16078467743743305,0.020252510262275526,0.8402349917523028,0.8581129848707281
363,2,4,False,True,0.39839204924725985,0.27153994136493725,0.08625899098500252,0.0015354684465768507,0.510825949417785,0.57,0.8239128248774901,0.017175438493109194,0.47771649285498324,0.41370760351810376
364,2,4,False,True,0.23017215638123933,0.49465372111253864,0.6482919557834776,0.0019284805377447157,0.4833937207710512,0.4976982784361876,0.31202424259735667,3.1934397419889616e-05,0.4969074847904425,0.55
365,2,4,False,True,0.3750817733071368,0.18070618356434293,0.15867782529377597,0.0008778619878301664,0.5375360689671251,0.5262491822669286,0.08898491146989015,0.07512540058098066,0.48086755324718916,0.4345788144930698
366,2,4,False,True,0.23746107363327795,0.33404233191145355,0.39647286965890416,0.030296047022300657,0.48021345666136495,0.560501557054669,0.15650928794132102,0.0015525007453576255,0.5346621290757667,0.53
367,2,4,False,True,0.06442842875676097,0.03433596459270444,0.5007555854917719,0.11140710562551442,0.5827555951078258,0.5264700299610802,0.0833443667631947,0.07689236819844833,0.5643952953730282,0.612446087789605
368,2,4,False,True,0.3167605867933398,0.33710720459945537,0.12310526555647891,0.01608677118366726,0.5024027177409219,0.5268323941320666,0.15492741724681985,0.0073442405279891656,0.5197388632854889,0.5466289279540054
369,2,4,False,True,0.2857054882749789,0.37765089470057256,0.1965947974979482,0.0003447636689500003,0.49168588407629293,0.5771429451172502,0.08567742606306175,0.0026125428662105658,0.4938739804370271,0.5
370,2,4,False,True,0.4297460642361265,0.13546515074385862,0.13134385676866694,9.980360977620284e-05,0.550982660232986,0.54,0.3183371684028905,0.0569830402213519,0.47023057499179105,0.5015523183437897
371,2,4,False,True,0.20818674294228212,0.38904776622629583,0.5256716869479205,0.054055886907008334,0.4784176858002824,0.4816725302823087,0.24822925597792284,0.0013908010430777442,0.5477881898286043,0.54
372,2,4,False,True,0.2858111091812183,0.38283411844785387,0.2774619964769688,0.0015596363349215294,0.49825641668114085,0.56,0.2699091199969911,0.0019474746883366098,0.49504359434717543,0.52
373,2,4,False,True,0.43651555286255156,0.16602821000111712,0.06350501986432462,0.011286273836187789,0.5096792356013367,0.49563484447137446,0.21604744048137028,0.020939358096457476,0.4926858174189373,0.5716985894999442
374,2,4,False,True,0.19678305069793478,0.012033511516525153,0.38504743023144794,0.01696669468845945,0.6158907183474147,0.7003216949302066,0.2316855765878399,0.1338374124585985,0.49549596330080076,0.527111957236034
375,2,4,False,True,0.331318467821972,0.39223197821434613,0.11958237794172906,0.008636633685388915,0.4928235739264829,0.56,0.2052992859515149,0.0008853766467564972,0.506248741680607,0.47
376,2,4,False,True,0.09550026723273725,0.16579321790999324,0.25257553029104013,0.09947365677874148,0.8549205496006609,0.8556199037962148,0.39425052397311766,0.5517286343413194,0.5461150628491714,0.5603668484778029
377,2,4,False,True,0.2920494047152327,0.2480538504493962,0.3676367575498366,0.003868284208939195,0.48805977220372987,0.46415901190569536,0.2653655327269612,0.0004464810321151253,0.49765739536829223,0.45
378,2,4,False,True,0.29492287203422063,0.32931725406310014,0.1540525038073998,0.0030329424819581898,0.5001687404284715,0.52,0.14932083583629105,0.018927349644048578,0.48416144638666336,0.456706827459369
379,2,4,False,True,0.0855181894075378,0.32679032278039666,0.2803506729934474,0.09289815232528992,0.4691199446210063,0.5126341793895879,0.247277577246102,0.0003284378251881734,0.6428621225797663,0.59
380,2,4,False,True,0.4629631961153693,0.1303675453437651,0.15678641886730527,0.0009933882408193128,0.523303703050877,0.52,0.4265610506656328,0.05274256535272731,0.4884876178718895,0.4973926490931247
381,2,4,False,True,0.4227329952594826,0.38129338628051723,0.42030003147631295,0.0002516578193373547,0.49728135390805894,0.39,0.10054773401616239,0.0005286385869571343,0.5057942491797865,0.43
382,2,4,False,True,0.009937111448278468,0.14829690741364115,0.7,0.27529702548468277,0.7020315068042743,0.6641371042455156,0.4370066807027496,0.1861656427374181,0.7106233318866072,0.7740279587017711
383,2,4,False,True,0.18255716447220383,0.23043279461893373,0.120023547427319,0.04198260463308693,0.5237917347738464,0.5290465701316678,0.778799633270305,0.020871617010025614,0.503951563581691,0.47847836026905327
384,2,4,False,True,0.07579014304822673,0.011351097117218156,0.358203838862778,0.08816921240490969,0.8009898022420677,0.8334734499331207,0.11261792963245428,0.44011204659355685,0.5994277618024451,0.6310326332773976
385,2,4,False,True,0.21116268454761872,0.1717724157021256,0.41655695334210163,0.06693757505947265,0.5870985557651002,0.5724279409447621,0.2511374150821454,0.18503666535124874,0.5655009878213239,0.6076695859587237
386,2,4,False,True,0.3375368977015301,0.3029747396750459,0.3612265180694284,0.01556007044350859,0.4922985240919388,0.41,0.3730073576055435,0.006371329128664613,0.4950583536445494,0.44
387,2,4,False,True,0.33950585846557557,0.3813809148682076,0.13756766220338001,0.0061018865395711455,0.48921049668796324,0.42,0.2905457493499931,0.000785000865060874,0.5036117145107907,0.4861861908513179
388,2,4,False,True,0.14248447424835758,0.2228703052674862,0.4423278433219943,0.04347644582966588,0.48066088154410624,0.39435279463529566,0.24621596746954197,0.007502850487219925,0.5571693167809219,0.48777129694732513
389,2,4,False,True,0.4605574644435473,0.02493991705846832,0.21368687340387676,0.00047117982487024834,0.4934959373815589,0.53,0.34166583446524945,0.0010375223077869352,0.4760589719567457,0.46605767962387046
390,2,4,False,True,0.07171352715478096,0.4230409449589629,0.043746975133530465,0.19639229992417648,0.47584369255013625,0.4863345360389222,0.060258320563265785,0.0007563805637365625,0.7178694034641969,0.77
391,2,4,False,True,0.26288199287597547,0.11111809338729894,0.20693223931610424,0.025925548249624567,0.7602125811248556,0.7773711800712403,0.41054198868022684,0.31823627299176704,0.45957490457112643,0.4933304007773345
392,2,4,False,True,0.4559247263959289,0.12402641536187908,0.15794603762921575,0.015705408116631372,0.8371872861287311,0.83,0.09043008750947604,0.5684185741660006,0.43122118098198586,0.4017854715509664
393,2,4,False,True,0.16227830571331647,0.012443715048698345,0.18889101216025325,0.15996558619199028,0.3874317820083286,0.4458785826862764,0.2771289549074368,0.0013970033194560321,0.67894788492664,0.6695472793590932
394,2,4,False,True,0.23010181147339726,0.4814472187417392,0.26062126381371653,0.00245336740435187,0.49424326695739157,0.57,0.14025280949362479,0.0005511465777078326,0.4922038030656489,0.47
395,2,4,False,True,0.03712842598845151,0.4969298931636209,0.21574270110889143,0.024466354410175722,0.4686789533364799,0.5273269851301627,0.7604342102115764,8.728856112302487e-05,0.5038049121709383,0.5
396,2,4,False,True,0.03139261366495644,0.0031903763939311602,0.3709455365347366,0.63578926788437,0.6424893388389437,0.6236302045214367,0.7223553915721664,0.23330385391202707,0.903741746969405,0.8879900628718234
397,2,4,False,True,0.16339086870385489,0.4291091892243855,0.08074449333014516,0.05254913460545921,0.4325930289055623,0.41098273938884344,0.261404602340179,2.1490159103099502e-09,0.606313425297241,0.59
398,2,4,False,True,0.044803910524067014,0.047628458832144616,0.09234669722061781,0.02857777180114924,0.5391405212987653,0.5937274525266306,0.3598103307731716,0.01978711549505803,0.4965394267556833,0.48428260858539235
399,2,4,False,True,0.24702972253171263,0.27432307392795985,0.1160006690342171,0.027813131334376854,0.5105019788678435,0.5025891083240486,0.113799137318173,0.028390480829127887,0.5120315401284905,0.5190270770428816
400,2,4,False,True,0.0417259930732638,0.46401517784520036,0.46498228724422874,0.47451148582953445,0.4648445378431359,0.4808060431862986,0.1390615377974165,0.0009276541414214727,0.7725806816128075,0.8353598482215481
401,2,4,False,True,0.43330772450833843,0.1817207399453742,0.18918244467049275,6.101621871169582e-05,0.7149333845509833,0.71,0.6947330632409692,0.28716983899972515,0.37601290380981195,0.4155052152284054
402,2,4,False,True,0.346245158382842,0.19416766854119877,0.2972117356789399,0.00010588115971988159,0.5521460077465875,0.4365375484161716,0.16965627503283298,0.06917512573012653,0.4698747036907689,0.5225249098312922
403,2,4,False,True,0.48037296963810033,0.04454012899780002,0.48648213229080667,0.00724619053442873,0.638896270303619,0.6,0.07641419688868464,0.09798910789584463,0.47145035610089897,0.5597127122814958
404,2,4,False,True,0.3497698794763064,0.31757000811769387,0.3034662264288655,0.006289782142810939,0.5061023012052369,0.49,0.049991678706509106,0.018876576918431354,0.49214790878650466,0.48
405,2,4,False,True,0.49349468832364685,0.14765828840618456,0.017954115608366142,0.0001945589628537814,0.6807182148726938,0.56,0.1391523840525541,0.18570708245353543,0.46299865411148694,0.4960385936665775
406,2,4,False,True,0.09821517905498756,0.02323731597400397,0.2695461248256682,0.1338914350569752,0.5714272294890578,0.5436603837496546,0.048919043855417614,0.10896941838433741,0.6789012045267656,0.737451849374038
407,2,4,False,True,0.3454511990655182,0.07380693878143763,0.3308391675380376,0.007801397478696353,0.5538036721699989,0.59,0.38536978949438416,0.09265709433290853,0.46628753934384576,0.43531073877272425
408,2,4,False,True,0.4337772700708401,0.21454908849203502,0.07834016006901728,0.0031519892308930703,0.5036996486584121,0.4956622272992916,0.1901322214936581,0.004578293662096148,0.4832269547569469,0.4671270546904779
409,2,4,False,True,0.1874135343004078,0.49035814839849196,0.5292629576713265,0.023340688321236612,0.43672559384707926,0.4825172931399184,0.14931058127331567,0.00010205643798685837,0.5474721762586834,0.46
410,2,4,False,True,0.09575771936448774,0.4046472473625181,0.30923862036390903,0.10170824442507431,0.4717371644867994,0.478399952609719,0.33542816378844764,0.0006056569718517203,0.60211025761688,0.55
411,2,4,False,True,0.29697062986322736,0.30576322540428175,0.4389768522423167,0.007159988815456229,0.48549089649684646,0.47,0.20189986155902456,0.00016581243350215216,0.5066107788393532,0.46
412,2,4,False,True,0.49773496706894277,0.15567262951497668,0.16705330576041133,0.001274819249850255,0.6293058890856208,0.71,0.17241298767752652,0.08656928013329221,0.44010931134158426,0.43862803226005775
413,2,4,False,True,0.2009781101032092,0.05375037204081923,0.2526659336663061,0.32885757744054833,0.7121992311432631,0.735687004766973,0.8035778725397626,0.27883814931863116,0.7330337732039166,0.7793622879367329
414,2,4,False,True,0.0026471128534868993,0.14765369632383923,0.05377935341971031,0.0025917045958175847,0.7888641055043834,0.7079617231028152,0.3563160296406937,0.39392559937570826,0.4645380743742401,0.44046926073523207
415,2,4,False,True,0.3903105222353614,0.05666805632159139,0.6798549084600348,0.003601327394415276,0.6135849195010231,0.61,0.5402325811347475,0.12583293337249982,0.46338553826686785,0.474665554942727
416,2,4,False,True,0.1648824831158992,0.3147182649467236,0.12555150525632344,0.38998213822547995,0.5310405836928574,0.5491005322601633,0.21840351862370824,0.1429603564423922,0.7791257673810874,0.8248225388042622
417,2,4,False,True,0.3647297111400414,0.31225742069302026,0.23506676708346652,3.322128587805677e-05,0.501889378404404,0.51,0.5907749418833557,0.0024256934022144185,0.492238712896535,0.43
418,2,4,False,True,0.18561521179190066,0.055961329113799474,0.4465923363977513,0.08081636935373109,0.757837013644742,0.7798838928161868,0.7256856833102475,0.36352668504777275,0.5678052428608126,0.5553770151899283
419,2,4,False,True,0.05035821738360652,0.34039459040507486,0.388659553813807,0.2957693530068402,0.44627625459869125,0.4716561113117379,0.23715515490263067,0.008025962389985401,0.7749258568007467,0.8465960540959492
420,2,4,False,True,0.40658187226884446,0.3926635133820202,0.13017519516786114,3.564219607594913e-05,0.49906815262991605,0.51,0.18956228968900382,7.249239073352966e-05,0.49541100472992694,0.51
421,2,4,False,True,0.2141349313296308,0.009073508891036697,0.18808347930403446,0.06625548604668918,0.691099586317674,0.6671519041202223,0.21271274798240808,0.16593907402633182,0.5297717945168807,0.5151910402877505
422,2,4,False,True,0.01628523038805174,0.30081463402548797,0.4231101014220003,0.16917881158793868,0.6182236635201142,0.5959947018662756,0.32142211345129434,0.1434850185768444,0.563769658555922,0.5599185365974512
423,2,4,False,True,0.26815465539652855,0.34219197984465155,0.8,0.007780897342067323,0.49295479442522994,0.5,0.08588597652025673,0.008605349243313748,0.4957936962418642,0.41
424,2,4,False,True,0.46465967628758986,0.46366223954934666,0.17543476890006124,0.0010491840385570613,0.48509895290639476,0.44,0.5605226416708811,0.0005077606024382705,0.4868380834897125,0.49
425,2,4,False,True,0.4469020503751732,0.40717180128535474,0.2169681926759363,0.0017705672212348026,0.4974526583128615,0.45,0.0824496570609599,0.005507270445949273,0.4913725850679177,0.46
426,2,4,False,True,0.45170901584117,0.48144047071264395,0.37838052601060973,0.00015788862031320384,0.49118692377148593,0.43,0.1853226274298529,0.00015936610148388583,0.4981038226349334,0.45
427,2,4,False,True,0.2776750777220184,0.06608108902680815,0.35866689006992425,0.02679844026148505,0.6737706719688412,0.78,0.15415060282142626,0.15867166128441512,0.49313811875241964,0.5062108079503491
428,2,4,False,True,0.44882334152799674,0.14771251166538762,0.359421410423258,0.0002854966535555679,0.6717677063144856,0.68,0.4435940135755437,0.15467662126406506,0.4591581471536454,0.4707973734834996
429,2,4,False,True,0.14967061132012405,0.19702182755917086,0.2766377499991214,0.09431563624934661,0.5712554952846249,0.6105428205283839,0.11413850082919245,0.09835950445248626,0.5515642508388788,0.6004467258661244
430,2,4,False,True,0.0024597729598541673,0.09128571007223624,0.15176777074883124,0.4927825611304036,0.5500383824488908,0.5487455157904744,0.1716758183481527,0.09798312079460066,0.8527864150479325,0.879958571892054
431,2,4,False,True,0.0602823619191063,0.3095972273965763,0.12300930125002289,0.4240647295372608,0.468449317371088,0.4280503481828737,0.4213494994581445,0.011998449130902136,0.7637774040843944,0.78
432,2,4,False,True,0.3761575170129902,0.26819191453094515,0.28352099557611077,0.0048311325148740905,0.49611643437410397,0.5,0.1731875098412717,0.003972780155920808,0.49812450023071825,0.4873180808546905
433,2,4,False,True,0.2901841327207438,0.15294034018787772,0.4456529068939748,0.0337995022704777,0.6466528174605429,0.6870981586727926,0.12610584901497607,0.11457207950222247,0.4471262616907787,0.4581180401116975
434,2,4,False,True,0.2221791530417892,0.13415915025699282,0.03692825992032636,0.04540341009529891,0.8499702586363148,0.8988910423479106,0.04568500458194041,0.5150202906936404,0.455663570195781,0.48560360787664353
435,2,4,False,True,0.11718496959290686,0.1508631377894955,0.5016451704483303,0.11559817994352223,0.46538947990383994,0.468438613379121,0.07513228159838747,0.034723075861742385,0.6399489880819127,0.6834050548431554
436,2,4,False,True,0.018209315018849204,0.26872976470929827,0.3277324705708278,0.11951333075557814,0.5201789479668006,0.5118058082415179,0.23102889562214218,0.043117758182372165,0.661287290093942,0.606563511764535
437,2,4,False,True,0.13105710733748377,0.32077375985024603,0.05930335569107138,0.15749981430905324,0.4348462190789711,0.4275771570650065,0.46161861818401445,0.004663962798358758,0.6926243397774825,0.7267922624014974
438,2,4,False,True,0.04274008228900411,0.3611964575920166,0.13807255039397237,0.36328976168065497,0.4649828797472368,0.4809367440434773,0.6348923605879017,0.002806352636950437,0.8210465479850231,0.8863880354240798
439,2,4,False,True,0.4649018227960792,0.18424109913205866,0.21872062230746617,0.0002860636783863178,0.5700096669012465,0.48,0.38954274342141154,0.1559814593106005,0.4568231599343013,0.5297334790954735
440,2,4,False,True,0.38347770089837013,0.16006575506416887,0.3472142611598907,7.377571293188623e-05,0.4889247834486525,0.47,0.5568496207791831,0.0009656867176528091,0.4835816919972477,0.4083993424493583
441,2,4,False,True,0.18753022542034659,0.38475901284512226,0.0769549839744414,0.0029101195923448685,0.4938047840671132,0.45437409323738964,0.06998382922292927,0.0006230474220121427,0.5049918193563266,0.58
442,2,4,False,True,0.06279734055059638,0.2650182127392961,0.10434264874045747,0.11886930777045283,0.5308547086938391,0.5368125584843747,0.2186842054782509,0.046712381433947806,0.562772754248632,0.4720494536178211
443,2,4,False,True,0.08694350877852075,0.4055400114593208,0.5329829885622914,0.15879533438174098,0.4698169772962532,0.5052196035076514,0.33467537723267604,3.417546040933379e-05,0.659832243983957,0.71
444,2,4,False,True,0.4323497915872213,0.4601287097636709,0.2270377504079048,0.00377212572496362,0.49721943129215923,0.49,0.4300489370707522,0.0006502889917238973,0.502151510902898,0.51
445,2,4,False,True,0.36087586077342754,0.20951078181464278,0.17697963625708385,0.01287269640954509,0.5101177234693932,0.43,0.3303075201607467,0.0340965623590225,0.4655139025333993,0.4027635983640964
446,2,4,False,True,0.08431116267525463,0.09680901603917524,0.1678159528724943,0.20143264375012987,0.49323790110535903,0.3992959628738167,0.36819530609860485,0.04518804293900888,0.6016755170522018,0.5596701066317732
447,2,4,False,True,0.46969338140194244,0.2616220704232601,0.2297907340637173,0.0008594082401084454,0.5018909198557941,0.58,0.33668131867625445,0.00742382135139934,0.4946959950183018,0.47
448,2,4,False,True,0.06942098290839954,0.02314929743777633,0.20637929561987275,0.3322665095147188,0.629945383178246,0.6829258166657243,0.4411072775466778,0.23483326676272706,0.760812810941046,0.8465734074860896
449,2,4,False,True,0.44145362901583485,0.3672748565683716,0.16485190866476157,0.0008055250125205514,0.48998734838714936,0.46,0.08325730782971956,0.002888128047684187,0.5023127134323057,0.52
450,2,4,False,True,0.06379944344642852,0.2401930493810343,0.31333699026462297,0.09699878664281858,0.5088446079340411,0.5153403895875001,0.17597196117307126,0.06894611680823323,0.6108683823050743,0.6203922780247586
451,2,4,False,True,0.10875058958768147,0.474179652055829,0.4255864139594566,0.18863595118645907,0.4616734567906345,0.48824988208246367,0.1150092729469427,0.0014780837522801085,0.6228765197049264,0.6
452,2,4,False,True,0.46899984095826075,0.43951164828265304,0.1381045606758349,0.002933568262177459,0.4959612008270171,0.51,0.312063610525782,0.009078010702125754,0.4963867925729534,0.5856048835171734
453,2,4,False,True,0.3551991984277213,0.4119686214628311,0.30264981262240853,0.0023855164210412542,0.4967792032062891,0.48,0.5333681792952099,3.995139279308411e-08,0.5032056376542445,0.47
454,2,4,False,True,0.06821061938253142,0.44156454247878885,0.10339374176493185,0.25258289287345,0.46187051721573114,0.5293052212778607,0.2511169624181027,0.0008354150547655467,0.7286519321895552,0.75
455,2,4,False,True,0.2905319083060553,0.07807573080741553,0.09343574033091628,0.02140367459395455,0.6820718512390589,0.764189361833879,0.2719759919944872,0.15172619674113955,0.4606816926110506,0.4140851638285889
456,2,4,False,True,0.2591173622924824,0.07604085226732654,0.2993863229874673,0.07924566827954932,0.561326081433977,0.5270441318853759,0.17570227448097758,0.12938955411515246,0.5450774696943623,0.5085938721599009
457,2,4,False,True,0.10075120177762481,0.46041072430817115,0.38536978949438416,0.034556085585757006,0.4669631070247675,0.47768449525339757,0.6202393081570006,0.0010047110697613555,0.5276727267546446,0.6
458,2,4,False,True,0.32574789928780434,0.1410659111502967,0.33413098026113336,0.0002265380819619159,0.49667437983011314,0.45,0.434876748256069,0.006546273689022818,0.47168400106996766,0.3974294542159525
459,2,4,False,True,0.4566265763997968,0.4102245248758096,0.1372053097965142,0.0009129717917249872,0.5027301202708006,0.51,0.05892670169083214,0.002003587739964062,0.49501820380099354,0.45589775475124195
460,2,4,False,True,0.4600199965250099,0.2871166612869502,0.24398789467915574,0.0006148224075843064,0.5104618940184175,0.49,0.3194402940620558,0.012723376207959929,0.4889755801484802,0.53
461,2,4,False,True,0.22863289880280724,0.037642681772480036,0.5060542065243406,0.07520420597403095,0.49741552866837485,0.5857050651795789,0.18615401384124494,0.06818971515264116,0.5587117934286768,0.5683307686505311
462,2,4,False,True,0.3268824083376452,0.09921886576296401,0.13423893089503092,0.008223165829046046,0.7776812816549457,0.83,0.16860418967923735,0.3649347152303817,0.43086944685879924,0.42451554859644375
463,2,4,False,True,0.2478589203707689,0.03706787284689922,0.45567039804393544,0.015823102301681206,0.9379268025457124,0.9150428215925847,0.11809190989981286,0.8033665639994826,0.4988879712735121,0.5288713124772675
464,2,4,False,True,0.4703714953276796,0.12800058038388423,0.1165171913447268,0.001789020438430204,0.5358603623831735,0.51,0.45014256063530134,0.01710369156995859,0.4670246790479985,0.4718398723155455
465,2,4,False,True,0.13747529154481253,0.07265612791558462,0.31479652072410397,0.47895066279208465,0.7669776947086104,0.7822603775511787,0.07942823954618101,0.3841801637415041,0.8107823320267137,0.8451250586005196
466,2,4,False,True,0.43978047211088955,0.052541950586977415,0.16948120843278405,0.0005259377847932785,0.5955445268669338,0.64,0.1891530571941773,0.09111113851417686,0.46393228520568974,0.5053052832241206
467,2,4,False,True,0.07284770670094304,0.1826338123382007,0.4803849416538938,0.0558424141211169,0.5049933735331585,0.5605297981288774,0.2343433166908359,0.02727161481526014,0.5125647819446101,0.597215633136326
468,2,4,False,True,0.47865435447340043,0.2320179697769787,0.5046891704105106,0.00012419117249258424,0.5011820184682899,0.5,0.1975250084689077,0.0025882280238778204,0.4728893868495028,0.4453596406044604
469,2,4,False,True,0.38454992188921805,0.019623290131700888,0.3065172447982336,0.0008088359269991495,0.8170848903280653,0.83,0.3005831051150179,0.3771074208757092,0.47347137433896125,0.5317503401775183
470,2,4,False,True,0.1696886704079112,0.3576903385391476,0.23256540014346344,0.03715141192194683,0.4807623335676687,0.4681217930714462,0.41241843000809186,0.0009550456047716107,0.5328269289843826,0.59
471,2,4,False,True,0.45735065762752125,0.1566646734853503,0.32898267350939797,0.0038767363331841404,0.49056061289762276,0.54,0.7793386034472272,0.0008320780361191465,0.49044212796224057,0.4137334130605859
472,2,4,False,True,0.04035838855855539,0.2254632827137798,0.526771278037601,0.04488993172551046,0.4798454885774161,0.507399302407209,0.2483939322755344,0.011417525606781926,0.5391623541085683,0.5177453671728622
473,2,4,False,True,0.03797132656570812,0.3769294820919892,0.0834384980890219,0.19753563559650988,0.47732907440554684,0.3978491754989734,0.43257362250974146,0.0010858824840367124,0.7013891949002848,0.73
474,2,4,False,True,0.40823378234270685,0.11976478902798288,0.07331620055189707,2.893184606670282e-05,0.7143243558135488,0.83,0.6559590042479636,0.30021634282605286,0.4394796118466493,0.41209408438880685
475,2,4,False,True,0.016509787713575863,0.2695368890016101,0.4328894418460509,0.07823651569464415,0.5032970261882882,0.4215800082660764,0.2649734211860032,0.017243683564371122,0.600237663373235,0.6546092622199677
476,2,4,False,True,0.06672855454258253,0.16474342335809783,0.20334424325644673,0.32853423047822206,0.5609486971123617,0.6113067215466894,0.3523651120016075,0.10596449763519798,0.7758477792882615,0.8251730918977713
477,2,4,False,True,0.08703851632798776,0.1299047934812651,0.0,0.05149901500688252,0.5545325012982991,0.5686849928773616,0.21945377041429232,0.08616564772891035,0.5213226982287262,0.6118133289126229
478,2,4,False,True,0.22839475715089547,0.1413979630631369,0.031908419434509575,0.2873149425049025,0.7215630716971304,0.6829013107122761,0.13995394323940508,0.40444225944416184,0.7114290985933066,0.7433386721891647
479,2,4,False,True,0.06837731096101546,0.13639801752300484,0.228503261840649,0.10969190562042103,0.5245634367870879,0.6671788907387126,0.4185505059970067,0.07024138693484235,0.6462558281370668,0.6736322378972395
480,2,4,False,True,0.07927906489420478,0.0012527942346918786,0.23246038240552697,0.012245657218642639,0.7549795390177604,0.7854234898827964,0.5826667944160191,0.30516351545252296,0.4900860055455775,0.5194487705367355
481,2,4,False,True,0.1476014853273908,0.46071218802473624,0.38281221005012744,0.03872970813351581,0.48654354156748714,0.47409594058690435,0.3706003065149499,0.001224546979013041,0.5408717922171233,0.44
482,2,4,False,True,0.21607878774588174,0.3089459629346908,0.36273075598945975,0.05562296017258827,0.48234884122014876,0.49919606061270594,0.2992881258427359,0.0011842377786558057,0.542216191485861,0.4938210807413062
483,2,4,False,True,0.13518742630018504,0.34986216761178246,0.505514433407581,0.14693958046982658,0.4857671096323102,0.47755501768795555,0.3946421444079066,0.03772159537200599,0.64034959313422,0.6795041349716464
484,2,4,False,True,0.3652637065329577,0.46600472526686093,0.08441133978950507,6.815656774875077e-05,0.5031329462162808,0.43,0.15102438967933535,0.0012169533343539464,0.49466997637366567,0.51
485,2,4,False,True,0.10200716347900846,0.013477242907817877,0.2970610879290464,0.2945426628688807,0.5628949341699201,0.6802172062431867,0.5783560734867846,0.1270513713648279,0.7738406258767649,0.7247438752659511
486,2,4,False,True,0.20605727187461786,0.4195814391353535,0.3049642686055968,0.006792080525020934,0.4415681049400954,0.4887885456250764,0.43705130618922733,0.006363436160726372,0.509525859852105,0.44
487,2,4,False,True,0.45486021229739293,0.4864738448863923,0.04636888854074828,1.6767568459412643e-05,0.49659965376647286,0.48,0.25256493022906334,0.0002222944504250409,0.5056756996947159,0.49
488,2,4,False,True,0.12793249525059797,0.1063256492218852,0.32536883533419203,0.14941369158964898,0.634860606305792,0.6556928259023862,0.12681041450291758,0.20406250955448652,0.6289787476585974,0.6008613831400607
489,2,4,False,True,0.3408337345971503,0.37612435577923425,0.05229118867570006,0.009341480487372773,0.4910395783175356,0.48,0.5144673761187093,0.0019189065698017927,0.5039689284787922,0.48
490,2,4,False,True,0.4475970454952029,0.04005678642895999,0.12227487238013143,0.0012730714486215674,0.5350334103407668,0.515524029545048,0.18038151508540823,0.02827214052222284,0.46628428357158536,0.38276138522830705
491,2,4,False,True,0.19741666103733418,0.2643031773191924,0.5514387746727063,0.03724045543244752,0.5763011507869806,0.5463100006755198,0.6899856040698967,0.07750404192566533,0.5165172128998569,0.5088557458144646
492,2,4,False,True,0.02827131748198608,0.49775168713632406,0.34998903255326597,0.3500988932702916,0.4800351870179225,0.5164297676086467,0.0953682397124647,0.00028672368904667655,0.8061031476380092,0.83
493,2,4,False,True,0.08975876783428566,0.17818974458439335,0.1516623058189029,0.14605295104214683,0.6401232206432205,0.6621747819713714,0.17153850697309778,0.14488984237534352,0.6251030982114835,0.6272344612997456
494,2,4,False,True,0.0767144872379944,0.05325882700595941,0.24388094570488444,0.10667583274376907,0.5116613184635074,0.5816156397219421,0.008375509955360242,0.05101509210820852,0.5845967263405689,0.6098808228688677
495,2,4,False,True,0.005587371100905958,0.05114402996574041,0.06429875498973889,0.179128808275914,0.8241694796283997,0.8080444201146829,0.2854656220579148,0.3820218153863228,0.6775075216993253,0.6680618954280928
496,2,4,False,True,0.036840134883555475,0.007209217532884116,0.024510538505229218,0.13193016268640878,0.7178820515866399,0.7516330961396622,0.7602850710167885,0.2361046434208017,0.6008432617211711,0.5658907460062561
497,2,4,False,True,0.392469127488319,0.059414406852807355,0.11067154799479498,0.013677614043072129,0.6364060125510385,0.7360753087251168,0.19753243921392033,0.11044484362447808,0.48905875098562784,0.4444518050532929
498,2,4,False,True,0.039460622747829355,0.4934794251129566,0.14782974315717728,0.16802519722861933,0.48536225154061774,0.3814535073085202,0.03623633105934606,0.00018056289962256757,0.6577623890922855,0.55
499,2,4,False,True,0.11703242945749948,0.4255942649278101,0.4514806712360774,0.05647570540309876,0.4677455479308117,0.49542318981392514,0.5057466418383911,0.0017897836110831672,0.5533485184249837,0.52
500,2,4,False,True,0.42741602565839376,0.2166495009279521,0.38759090750737263,0.006389057792062124,0.5961372039737998,0.6057258397434161,0.2045668677817379,0.10727685117276722,0.47389585326377665,0.45050154491648425
501,2,4,False,True,0.09072107862332357,0.45739326964485383,0.06190243666964053,0.20211835058019798,0.46317566605948124,0.5291548332680699,0.18962459843553714,0.00039040957886008333,0.6689309527876748,0.67
502,2,4,False,True,0.23531114991086483,0.1204331417328029,0.09440543027512016,0.20764203881311416,0.6615496369172922,0.6323502160142617,0.5342581086866852,0.21775401656689394,0.6422041628045904,0.7183220344880954
503,2,4,False,True,0.2103038862570198,0.17261462224330526,0.36110208833774654,0.010504177175450347,0.6083505936492732,0.69,0.1532969855514706,0.0837373972965835,0.464632428711358,0.48928624533080334
504,2,4,False,True,0.08153988117728345,0.3945786333539898,0.2676367575498366,0.04525887710193782,0.4834669864493895,0.47858441663518037,0.21520962504370628,0.003497143069365789,0.5506984917031866,0.57
505,2,4,False,True,0.38179459589240344,0.3776999758334295,0.23876907822339138,0.005401959233845859,0.48656018161162845,0.49,0.25684961595453215,0.002433842474822111,0.49642948018366595,0.35
506,2,4,False,True,0.4269147189964848,0.38663633777385126,0.08564698535086471,0.0029053226079957116,0.493194660517419,0.5,0.16984024850439938,0.001840865909847027,0.49629880011379507,0.53
507,2,4,False,True,0.09673387697553021,0.14470012138304333,0.721102764068983,0.012814127008057207,0.43596920561375135,0.5187310452029691,0.70664858669754,0.017828960728426057,0.46323933436390125,0.5482949817925434
508,2,4,False,True,0.11814786521631021,0.004159224766996761,0.13932634727641852,0.11444156890362805,0.5562173126202039,0.5399148629132273,0.35251537409810885,0.06431082654942136,0.5784908595923705,0.5372965039014521
509,2,4,False,True,0.03173561720285517,0.17148269532430027,0.7340044260170645,0.2274188666786894,0.481648014299431,0.47937184881814415,0.47624905987080746,2.276488568856367e-05,0.7205853624803921,0.778285173046757
510,2,4,False,True,0.32033190925762745,0.03139717308313539,0.14564958859553667,0.0008360480667016719,0.5577342740718604,0.58,0.32340122680211475,0.033547001827733666,0.46745086413659576,0.49084772441928737
511,2,4,False,True,0.028110106591955286,0.3488002331294877,0.10918977102162511,0.09054034444901755,0.47384816613570374,0.45229063284706816,0.2147227544467613,0.003682238116370623,0.6206940733791226,0.6
512,2,4,False,True,0.40871293098913436,0.46125496890822715,0.42816440912608,0.00036406371471343213,0.498619088965626,0.55,0.47695396719673183,0.003556668379795607,0.49431844633579114,0.42
513,2,4,False,True,0.10326074790408019,0.4742847399718453,0.7038199940293233,0.8287728284948729,0.42912453283977037,0.43494572882042937,0.08852602272230414,0.002591420908247577,0.9476760047741379,0.97
514,2,4,False,True,0.06489670679175469,0.454305329539001,0.38445583076122747,0.15882361234944464,0.4889345240561178,0.5131268562341437,0.42827071340440914,0.0025858404238335094,0.6715840993693795,0.63
515,2,4,False,True,0.0323532346168347,0.46770131672001947,0.3806233126178068,0.14524854241892937,0.472145704997585,0.4192939298452258,0.06911851133241678,3.91598645474515e-05,0.5302049077615759,0.55
516,2,4,False,True,0.20561686809222712,0.38775652825926066,0.3335819149400475,0.008246707701643586,0.4857777317560097,0.49383149395723325,0.15727684153007623,0.0073219697941902424,0.5049652868685,0.49
517,2,4,False,True,0.04984306361272578,0.4835962130321132,0.20073480205910915,0.26958315498849283,0.47580759565412956,0.5455455115523096,0.3640591929011884,0.001102947254734652,0.6744942902248132,0.62
518,2,4,False,True,0.4133043097061839,0.279758355612999,0.2925987176275855,0.0010924846320968823,0.5015721915559392,0.46,0.2679577106326417,0.008684656333285532,0.49903933469254064,0.56
519,2,4,False,True,0.4363349368708952,0.03518960346256644,0.45665318221964385,0.00022030166805837544,0.6963400631388841,0.78,0.3356631960045734,0.17073538393964732,0.47223345658377314,0.5079774608490645
520,2,4,False,True,0.4925001008408775,0.003943574199107125,0.14855534111371532,0.002979687966311088,0.7554957493848706,0.8,0.0731441284918168,0.2880351792880728,0.49408207308231683,0.43814652012641964
521,2,4,False,True,0.4526555535140887,0.2556001593633693,0.41591001520843546,3.3663040235051394e-05,0.5015494233376204,0.53,0.735818145148666,0.002201636747214471,0.49731975913943777,0.52
522,2,4,False,True,0.4099599361183366,0.025364923509704596,0.42023862280231733,0.019954441870286582,0.6810050256353705,0.72,0.4764459138647717,0.14430105899873408,0.4912810943316576,0.43757118748024465
523,2,4,False,True,0.04684208593110151,0.37007531728304327,0.35540072692024766,0.30915411522584946,0.48226632170508293,0.5136052699241145,0.712590536607252,0.001981706779927875,0.7565976970110034,0.7762992468271697
524,2,4,False,True,0.328010554132878,0.44151853342854497,0.37569939710281963,0.0034886699680461075,0.4837701287587851,0.48,0.37535098417409307,0.0005542657389521904,0.4989169629331429,0.49
525,2,4,False,True,0.35952637094879614,0.41970868703295683,0.8011172142748599,0.007602495420561672,0.4931373520082786,0.47,0.1253881662607686,0.0048006336013670485,0.49892627224114294,0.5
526,2,4,False,True,0.49026668268977436,0.3606258977835408,0.7438677629654793,5.791452186076176e-06,0.4966665466394274,0.54,0.13296819672124902,0.0004495250612769862,0.49727056043509793,0.43
527,2,4,False,True,0.17511249066234558,0.2902310432723363,0.1518536420403555,0.03255389895386637,0.48567495729114846,0.5294932505602593,0.4367291598967203,0.005482294577495767,0.5382913661066954,0.56
528,2,4,False,True,0.042704934750018575,0.051143999222377445,0.12585625640609796,0.029414636253405214,0.49383646512873863,0.5335229404549885,0.24066873651032408,0.015336055753493583,0.5002806217797086,0.484145360241063
529,2,4,False,True,0.11300793019971239,0.19583478605063387,0.09341785605494826,0.07259559435794077,0.5189315479045815,0.4981870658261064,0.7036185283928635,0.07925422640323196,0.5485268995645947,0.5764998256739239
530,2,4,False,True,0.25333701912703926,0.2277322340740774,0.32998384180255913,0.00016625532071112338,0.4988079535589994,0.4774666298087296,0.621096912408321,0.008448336985744088,0.49287116128681474,0.53
531,2,4,False,True,0.23112587942563023,0.4611690120579854,0.18982996906836608,0.020067672253408123,0.49605205160727817,0.46768874120574366,0.19506512904915058,0.005391390383612591,0.4997645310023303,0.49
532,2,4,False,True,0.08038072318345968,0.3105490870091894,0.7107480782718476,0.023540732196639224,0.48093459459651566,0.5282972047404659,0.34090596395994865,0.016218555960406934,0.5152760997635004,0.5568945091299081
533,2,4,False,True,0.02851892971843689,0.18951799012766124,0.29115044018092884,0.04917476662214235,0.49288543810478325,0.4777368602210721,0.1354282319840581,0.0074662329025135836,0.5430499769224171,0.59
534,2,4,False,True,0.09852785896988064,0.014358470395971379,0.3041038739020866,0.022443934751717118,0.6467485209717512,0.7236919062841562,0.2481621123227633,0.15136658628361657,0.5319611096867916,0.4709541636505381
535,2,4,False,True,0.40847069705912203,0.15376037490049255,0.5947607367223832,0.0005235622729208117,0.5038984935844103,0.47,0.43592137396022707,0.03178466297954871,0.4815643540746896,0.45384958500398026
536,2,4,False,True,0.15053146750621704,0.36888291671355417,0.09518833751892947,0.009201798009023881,0.4667387512346241,0.4449468532493783,0.5341780434753258,0.0005577610530083209,0.5169924737081035,0.54
537,2,4,False,True,0.3391451145205603,0.3450437298316568,0.13495781135218637,0.004554273116107229,0.4869598987098081,0.49,0.025581284879839915,0.0029063845988045373,0.49791505832870026,0.4765495627016834
538,2,4,False,True,0.10641522609828413,0.248178968577992,0.494634954007262,0.09107443751506106,0.5121568597951873,0.4812678889534633,0.4815332490649532,0.06074977856847071,0.5802186793791964,0.6175910515711004
539,2,4,False,True,0.3287105039416464,0.43072960445067476,0.4104228158531752,0.001613398290065204,0.50651664218581,0.53,0.5738582583577806,0.005532094207358973,0.49210957948083406,0.4
540,2,4,False,True,0.04448528628888837,0.14275305121849446,0.3384561750826637,0.2950845897589168,0.7445151877277315,0.7773125039926669,0.25911815538253,0.41610346068004356,0.7039419029522567,0.7286161879760474
541,2,4,False,True,0.4681078707763404,0.24155001272065307,0.10385871577649639,0.02369304897733978,0.7244162245228281,0.65,0.3695696083845619,0.2525673897571188,0.43086014125885597,0.44202799694704326
542,2,4,False,True,0.42332672068693883,0.4917022270875188,0.36670347819566046,0.0001355542293654876,0.4944570178541453,0.5,0.8396614214990932,0.0011627546871700496,0.49667572309602875,0.48
543,2,4,False,True,0.18729879173780845,0.02867374399314837,0.2928313319344846,0.01128619621832875,0.7284267204572191,0.7231431087435973,0.06079255460231927,0.24100267283144586,0.48289574597633755,0.4768100777631518
544,2,4,False,True,0.2965499419247191,0.052901119330134194,0.14951789327322995,0.00019684099484158508,0.5104772451219581,0.58,0.4858039057122826,0.018635190583677314,0.480331887145275,0.5683617537473704
545,2,4,False,True,0.4649661140136988,0.037453297444306366,0.1313663844666764,0.008516386758441984,0.7811860184555905,0.775350338859863,0.3068839571695043,0.3507186647451342,0.48449096923228424,0.4580149448178219
546,2,4,False,True,0.36214496200619495,0.2782004003255915,0.2652885992210119,0.010291690662105288,0.49910568060790084,0.54,0.2779014438790049,0.0068155682019323365,0.49537654831049277,0.5244359919934882
547,2,4,False,True,0.04016520360814091,0.3739524214115251,0.40543939077160907,0.014749377849346504,0.4764436759330389,0.4703190502320109,0.3319279008882801,0.0028365685954396987,0.4795928426508012,0.47626047578588476
548,2,4,False,True,0.4734968868530941,0.4583435382951343,0.18211104201407013,0.00029314403781419097,0.4961109571602379,0.5,0.19308262661230086,0.00038534185947623853,0.4986291472772393,0.51
549,2,4,False,True,0.35364355391871277,0.4105942026431491,0.5736200932960267,0.0013091233315268539,0.4973623704191511,0.57,0.20572137254604517,0.0001902105271421494,0.49073974202995607,0.5
550,2,4,False,True,0.3834780304477803,0.3003582991228508,0.23974673093209362,0.00370253531793735,0.4926224362112238,0.47,0.25047299052927957,0.004455672897757903,0.49448150831078846,0.48
551,2,4,False,True,0.4268490322951477,0.14622497651524957,0.19816235232702453,0.0012966751918372444,0.5030487132901964,0.49,0.5,0.010776271901567278,0.48896329645135755,0.49268875117423755
552,2,4,False,True,0.26588630157490073,0.04307847118873426,0.47805392588159795,0.006126015083130936,0.6100668890322793,0.624682273968502,0.3674919685298577,0.12820898195845695,0.48254871006690836,0.5180299796937455
553,2,4,False,True,0.13103980031512458,0.0815596687869603,0.21981688906896224,0.3253226459478394,0.559330929631177,0.5767568658960088,0.17768838518379404,0.05507414170089146,0.6504403073514138,0.6179788894275207
554,2,4,False,True,0.2046468391431855,0.04441918546101942,0.3395705144796396,0.010972946966628632,0.6031847212058804,0.57,0.21515455800249028,0.11112110108298745,0.48018824762640744,0.3826765176702025
555,2,4,False,True,0.20516225522233417,0.443577946599179,0.10199032367155669,0.04810691533933138,0.48107126722581206,0.6017935097911067,0.7562105928985897,0.012367272419543829,0.5342245418277128,0.5
556,2,4,False,True,0.13534953043872083,0.23287858431196334,0.059401291597919015,0.04462380463016871,0.48930961812837587,0.47323252347806394,0.22068332170730814,0.024303903927577565,0.5468341881694668,0.5553424283137608
557,2,4,False,True,0.3594379729570894,0.21673057658897515,0.8235572973054023,0.0038164679595824847,0.5030401590001176,0.58,0.1728179662116889,0.009799727901986027,0.49010187480479905,0.5978326942341102
558,2,4,False,True,0.30091948645108285,0.12607642030790933,0.6873564941134301,0.016445144536716725,0.7351408746818175,0.7639816102709784,0.214467213754781,0.24439747271876303,0.42960833233002693,0.42939720462757064
559,2,4,False,True,0.4312900567113597,0.01631375720931033,0.12259710492089296,3.628331181990292e-05,0.5036961939206042,0.52,0.5264354825754082,0.08655509858986898,0.48913221461525447,0.47853176185116203
560,2,4,False,True,0.19209920838796662,0.06199817177145733,0.6303544512871027,0.09743712972382305,0.8024450727255534,0.8146320633289627,0.5234353426079208,0.40636861528428264,0.5488142994966456,0.4428010969371256
561,2,4,False,True,0.32603793930402075,0.254949332063802,0.0836881767051748,0.004023191857031736,0.5186133571884542,0.4867396206069598,0.08197644090795872,0.04472182853556693,0.4835995637975716,0.5223515200380859
562,2,4,False,True,0.422719861205526,0.43632140178606177,0.15656695310666383,0.001577543233446682,0.49636368083276683,0.52,0.29009121794873927,0.00445948231521824,0.5031330144678547,0.57
563,2,4,False,True,0.43530714167861867,0.04077277547014041,0.5907724814873304,0.0049531552114695345,0.7087657885799139,0.75,0.1195565461842742,0.25449142321506424,0.476951610837848,0.451652251038437
564,2,4,False,True,0.4185880266310107,0.4416537527454325,0.41231666926917054,0.009806786169164888,0.4953513672724386,0.56,0.5811164260688462,0.00018550018429723238,0.49634918862033284,0.53
565,2,4,False,True,0.4781312335505296,0.3011764246049998,0.3610899394444478,0.003468607182147074,0.49494433385856645,0.5,0.12174703154684037,0.005568371004762429,0.502149647463476,0.4639764715079
566,2,4,False,True,0.17026968868298392,0.3711747240778838,0.41491069271676,0.14784797722604645,0.46766010328990204,0.46616224358438224,0.12264289665554873,0.005362011977901438,0.6215869694699382,0.6362882527592212
567,2,4,False,True,0.10406113474859002,0.27023510080281676,0.35535771552765766,0.010334248900932154,0.5592449039861018,0.5316751092201129,0.1936312534477598,0.08563831676061553,0.4765597813309579,0.5391905959678873
568,2,4,False,True,0.45941909409983933,0.48356158297544605,0.41806338716340596,0.00012416308547361042,0.4885649294494402,0.5,0.33478409605768844,0.0005267896147313643,0.499236164517454,0.47
569,2,4,False,True,0.48604533474018835,0.21140491107239506,0.34901073314107844,0.002383423540434859,0.691326750658929,0.68,0.8223553915721664,0.20031785742122057,0.4513148379048745,0.4619471160069689
570,2,4,False,True,0.005736416914950471,0.3372650803704779,0.25622046181454866,0.34576748797163376,0.5165833462714998,0.5753535022988902,0.2466876852349162,0.03366207122225359,0.7812744907530327,0.8332546983925905
571,2,4,False,True,0.2688808209204205,0.18231032293953814,0.2871168405694473,0.0362580857415156,0.6085894894988323,0.606555958953979,0.2475137287631775,0.13942924630927794,0.5068063374354564,0.49629965801786
572,2,4,False,True,0.31726456676115955,0.32469627718606725,0.31233557940880485,0.03512367896073869,0.5279862111910631,0.4504820629971652,0.04114005493430936,0.0447877751895351,0.49558769952063064,0.5367530372281394
573,2,4,False,True,0.3233697125295668,0.3117810181034552,0.17759427392630422,0.023878202644157062,0.4853660286754605,0.47,0.1383597056066842,0.0058450508430136295,0.5142255854705171,0.44376437963793086
574,2,4,False,True,0.47314936791577145,0.46689491963633306,0.16202938462284075,0.0007584424006212186,0.4982063863273769,0.48,0.22390512292309572,0.0006920609204982569,0.496085730829491,0.48
575,2,4,False,True,0.015871967672645926,0.2723818251244068,0.16167131033326348,0.2714383135356989,0.494062633680442,0.378572183275695,0.07824339893267529,0.008548198059636634,0.7024262194730574,0.7018285452462678
576,2,4,False,True,0.0865652974891043,0.15327489147727152,0.8,0.0028613358202509457,0.5210290106645736,0.5282686940502179,0.4261358465950254,0.0188410302922395,0.483082165186307,0.49080350651136373
577,2,4,False,True,0.46274764305048666,0.06929910048184329,0.08663250185045522,0.00016839945726870861,0.7141968561280687,0.77,0.4836964087277485,0.19465894342747114,0.4729645652043717,0.4799032608602654
578,2,4,False,True,0.41310328284873904,0.32185901924674326,0.17072089060054962,0.0005212014556373057,0.5000672417928781,0.46,0.13016415177128723,0.00021174627814754565,0.48407314649774297,0.5167814098075325
579,2,4,False,True,0.1284747173481705,0.23700490541060953,0.4654099619203526,0.2917103836061877,0.7003814946241289,0.7398948602342135,0.3740434825424306,0.3107475802412855,0.7050251372065564,0.6754888717555597
580,2,4,False,True,0.4104445901443378,0.07234335304063488,0.1630133882817772,0.0015286995050521337,0.6714761327213938,0.74,0.1328599598014247,0.20640846205333857,0.4336400296789727,0.5192315834458665
581,2,4,False,True,0.09885426838612499,0.3687736710235358,0.15240466529589353,0.042700112918383645,0.4747242420467266,0.40935517680030115,0.628597245879213,0.0057772122920375256,0.5372803669858436,0.6163122632897646
582,2,4,False,True,0.44290372938152517,0.16745177180615034,0.0899616326949461,0.0029408300583541407,0.5183969006072161,0.5055709627061847,0.15843786732749748,0.01510449191508712,0.4885694257749794,0.4649764468458155
583,2,4,False,True,0.4779432887068014,0.06701193593952481,0.24388094570488444,0.00017877829064664465,0.5928308793958105,0.63,0.03344928610198936,0.12772560844938297,0.48493895045315766,0.5299482096090713
584,2,4,False,True,0.13127797010931108,0.16769341987600778,0.33863062881883066,0.24864412083462778,0.445333068690158,0.5448632525540894,0.4837167486714275,0.024404049354486056,0.6326684281240285,0.6696919740371977
585,2,4,False,True,0.45390635207988916,0.3848328394991555,0.4130736964909619,3.764876788999259e-05,0.48742835920146416,0.51,0.33726776397408936,9.227164103323298e-05,0.4931609513333523,0.5
586,2,4,False,True,0.2474396877997463,0.33755063273739144,0.9,0.21149519990681193,0.5373784655855999,0.47546085619604567,0.11279832565624011,0.11366611875366843,0.6609744911581718,0.6164979746905044
587,2,4,False,True,0.3598408304117701,0.43798432532472703,0.18110543212214578,0.0009303197482175298,0.49888489134969416,0.46,0.44982662154032627,8.081772177332205e-05,0.4935992250794805,0.5
588,2,4,False,True,0.4822927954719062,0.4550983997558908,0.25487390131050525,0.007986545648520476,0.48787353060437527,0.47,0.14179730936851398,0.0002482507800419039,0.5054263327204149,0.57
589,2,4,False,True,0.3100580346832497,0.34741191745305144,0.11588461887760657,0.015178639393832826,0.5105418178959098,0.5568994196531675,0.36380330552619444,0.016979521317358703,0.49039520230965616,0.47957764247640844
590,2,4,False,True,0.09079059827304337,0.3713893490604159,0.2355245030919541,0.4922695637709763,0.4498165171031983,0.3964074786389739,0.10867400966154764,0.00790834136541839,0.7400261339650536,0.71
591,2,4,False,True,0.34721983560027087,0.08997920065752579,0.13119754966898625,0.002305607611541681,0.7781916852823179,0.8365278016439973,0.30316411302246343,0.26721754250084057,0.4375174030962904,0.4424133115791836
592,2,4,False,True,0.12967029633874055,0.25104724089641195,0.3377706893092599,0.16885981514728485,0.4746804449634901,0.45054945554918896,0.18182270379116894,6.0090298464311414e-05,0.6253982953571415,0.6049790551820717
593,2,4,False,True,0.04671056204358964,0.23637995683783436,0.16473173822513298,0.24744051213639345,0.4847290004066429,0.4436513032847435,0.4980174198159338,0.026526197054588897,0.7434410201106298,0.7476362004316216
594,2,4,False,True,0.03054702720663327,0.100076303163533,0.2532030030760928,0.03186435174352026,0.6969936241691413,0.6457234161910713,0.23357460404514105,0.2411863856029981,0.4794809242091168,0.4929870284621994
595,2,4,False,True,0.09937373129401089,0.3356055910740778,0.2227933855885625,0.047101878846553265,0.49995465122975385,0.4600626268705989,0.10092676619325695,0.019097508755396463,0.5224461474915444,0.48
596,2,4,False,True,0.16774224978682545,0.48549503886220674,0.36502538491588254,0.3921579132294951,0.40950821903898443,0.3127094951236412,0.060091295453443785,0.0010054116980515446,0.8199326782784854,0.81
597,2,4,False,True,0.176112132432254,0.4164778316927029,0.3597370788259141,0.0005100583584562806,0.4887156608408216,0.4847166360270323,0.5069481858884735,0.004409809960660083,0.4848931206959662,0.49
598,2,4,False,True,0.3917390331474624,0.05380203236006159,0.10091331251144312,4.910283595661011e-05,0.6551629570276332,0.7,0.25940751718366956,0.36853688084012126,0.46416684351213855,0.4734146179951582
599,2,4,False,True,0.15778719045018869,0.23921116782193202,0.28434752333462215,0.09969650015242426,0.49133209598267785,0.5468646900054605,0.09677610177365428,0.05182424251785896,0.6122469585587033,0.5756473299306841
600,2,4,False,True,0.38415007471581675,0.259003501532544,0.32222579863745304,0.0004336124306046304,0.48569509955170503,0.44,0.17939655686230885,0.0043991271262588914,0.5028262935534107,0.48
601,2,4,False,True,0.08048583979913254,0.07420830498660819,0.29298433293769427,0.2163653733046528,0.5626800112528756,0.6245862304883816,0.12198652265031969,0.08193547492677071,0.6675098692896444,0.7199275153072315
602,2,4,False,True,0.22521204503370879,0.4564570497852787,0.26198441132597877,0.0009147108890038244,0.48856291343307867,0.3797309159469662,0.16367274549868666,0.0010086410985132117,0.4889762745556227,0.4
603,2,4,False,True,0.27448706470648826,0.13542598409059708,0.3455974326668983,0.06661251929974162,0.6555703033311319,0.578041034823481,0.3807972930609421,0.18905312473392236,0.5258615300348402,0.5096861023864104
604,2,4,False,True,0.11530248890006495,0.33455125547914083,0.39150255984359733,0.018902404802618532,0.48111402162528194,0.5196227759989942,0.16903477835859332,0.00010730922013705465,0.5175970769868501,0.63
605,2,4,False,True,0.45621532086992145,0.34209588798727303,0.5555036854823794,0.00010531468786862828,0.5097032463769553,0.52,0.34265657457900367,0.01356726572415068,0.4866344589683373,0.58
606,2,4,False,True,0.40242326716614324,0.2307554975004969,0.7235587317653389,0.007775015954571382,0.49549164777415616,0.51,0.09250843762334723,0.023814634115547757,0.5014467581099782,0.48769244502499504
607,2,4,False,True,0.48202410370352894,0.308386629783283,0.05303784412994008,0.00021033049399479649,0.4970733686651854,0.43,0.2267495173967843,0.0029263661874218256,0.4882436249515913,0.5607484011065015
608,2,4,False,True,0.22411730131991853,0.23007093305338394,0.14524170474968912,0.006105771351988344,0.482270735546751,0.5310353079472033,0.03582215602872445,0.005064129248128402,0.5138462126431074,0.5176992906694662
609,2,4,False,True,0.41571765165144464,0.3777584319811821,0.6193331695098024,0.0020065233908864387,0.4894899764384399,0.55,0.240545749349993,0.0016095438470268377,0.4931201218785185,0.47
610,2,4,False,True,0.32098016518905875,0.3824513383136871,0.28308751306102586,0.013672288842237717,0.5079927700850192,0.5167901983481095,0.28264507064689937,0.025845857841324423,0.5039794403859149,0.5323509732337263
611,2,4,False,True,0.0008884969702149248,0.014823647348910785,0.08081229582562852,0.07294018918444786,0.6226528642337371,0.6596268312725097,0.12848746852263787,0.11085617854904556,0.5956502486602009,0.5691787374352951
612,2,4,False,True,0.05255537237475627,0.2749997658027845,0.6379082706970947,0.03181507854058413,0.49288413590422614,0.48636456168015596,0.2690969146557076,0.025290975170018347,0.5363975143094499,0.42450000468394433
613,2,4,False,True,0.24916268186859508,0.2821094608323436,0.39753578280066293,0.017273747864440015,0.5047924999489464,0.487508373181314,0.09580769281194246,0.008301176811985575,0.49951814494412355,0.42
614,2,4,False,True,0.4660094960185992,0.36703587611633565,0.10167064028407871,8.931542779399216e-05,0.49589418765517584,0.48,0.5671839430638899,0.006027879180820943,0.4951333807025646,0.43632964123883666
615,2,4,False,True,0.054201119774090645,0.27009569516264953,0.3272503632323084,0.19660201260624063,0.4852538173658231,0.4769373169378047,0.3053191741194521,0.02752497010400528,0.662914497557047,0.654598086096747
616,2,4,False,True,0.4441743965249204,0.26237636914861207,0.18938300591066712,0.000642177785506862,0.5162121372932054,0.44,0.11600457166651004,0.03589622044422139,0.4843173202748031,0.43475247261702776
617,2,4,False,True,0.30999034202608455,0.23761554675115876,0.3524695028318846,0.0005354875106728099,0.5280390299397192,0.6,0.2793702686511351,0.03594953839922825,0.48374793799841675,0.5752476890649768
618,2,4,False,True,0.4509826232740364,0.18847639045976622,0.3179947445907551,9.077599352966952e-05,0.48843332954043417,0.45,0.13711584311971187,0.005368802043905527,0.4857404335756093,0.49
619,2,4,False,True,0.2139557256303637,0.21490656334719882,0.46919152156566213,0.04248380537262892,0.49028043333749627,0.44148796938653456,0.34551719482856835,0.02956683699888131,0.5554068448043552,0.555701868733056
620,2,4,False,True,0.03226735197008779,0.12774573358664226,0.4880472506591749,0.4505417518581256,0.5602751980695435,0.5609622623376481,0.1935523514286603,0.0669156331143257,0.7686362870703007,0.8006184812750723
621,2,4,False,True,0.23370484315045692,0.09694095422164789,0.17891771776247137,0.01978546398763167,0.7741497463290474,0.7753259031369909,0.13671016514803308,0.3465305192173184,0.47861146753371614,0.5299483041912891
622,2,4,False,True,0.4078125265626983,0.1472759661612934,0.10945103773447662,0.0015799136445932538,0.6157476557320274,0.64,0.0729860086559033,0.15785952471303957,0.46431650996901536,0.4490720471061283
623,2,4,False,True,0.39600633927456286,0.18373689234665735,0.5189170399265663,0.007729346776803781,0.54184909033055,0.49,0.040319989131141376,0.04465803290754563,0.48501160152017403,0.4889757864592006
624,2,4,False,True,0.40544427075883427,0.1352313033209962,0.6321965856892848,0.001060676238916879,0.5025242116147994,0.53,0.49414370283173775,0.00837883827369306,0.46984413175735334,0.4588968002361709
625,2,4,False,True,0.34314322761573207,0.307721259617845,0.3113060413056469,0.000712836470474387,0.49017351328543757,0.44,0.15276063421105596,0.0011449635246288177,0.4912768362211465,0.53
626,2,4,False,True,0.10428828067882989,0.42016617965606406,0.11227401916272979,0.09584606945878234,0.4339574536571941,0.4522126175587606,0.13409113395148436,0.00024484397754206044,0.5902571524837541,0.68
627,2,4,False,True,0.24927503135915985,0.11282971921089568,0.16784271116251395,0.009559587467977783,0.6779385569135836,0.7025217490592252,0.31855258341830756,0.2132780056336576,0.45306873372242407,0.424049164581494
628,2,4,False,True,0.44594460014199855,0.08516215664680626,0.06921617206627964,0.006715038653430927,0.656679747898083,0.63,0.33134914914707864,0.1643873696853613,0.476165569078775,0.4161545961388943
629,2,4,False,True,0.4781666489282898,0.0078842626779706,0.4335179159128317,0.00021177269012436495,0.6742873334042868,0.73,0.48695557258159533,0.12048964549241326,0.4974697102754445,0.5751905997664379
630,2,4,False,True,0.2010330477511038,0.0071865528815705515,0.3757713623294353,0.06706271286304447,0.5798415916756913,0.6319586780899559,0.3327574132931559,0.04739247209607038,0.5355476218274225,0.5231727747625079
631,2,4,False,True,0.37450192681007605,0.2128765555461063,0.12454295713255963,0.0024341275579364417,0.5890398409439925,0.63,0.03108688155012801,0.11483737090695367,0.4635039210462908,0.5338109855571619
632,2,4,False,True,0.33616831329278396,0.27724235787182555,0.18588446510789694,0.019069509239419146,0.4941991941436318,0.4932766337341443,0.13451603786355665,0.003546339118944374,0.5015519659460604,0.4872275764212817
633,2,4,False,True,0.3150694448048011,0.08554446680374,0.15110907112931343,0.001750569735580091,0.6169862708217658,0.5336986111039039,0.9,0.10889424522570681,0.469618595653207,0.40690299396299023
634,2,4,False,True,0.24865589866820442,0.3466368778494222,0.1229775689435773,0.012910913214387707,0.5158771508469022,0.44751344101331797,0.478121029265928,0.015469473200937325,0.507713899320861,0.4765336312215058
635,2,4,False,True,0.2516390386281403,0.08423170832870025,0.04937903435013436,0.01638207894159123,0.6760171419364267,0.7349672192274371,0.19786233828063857,0.2201793012726238,0.47606167904684754,0.4231536583342599
636,2,4,False,True,0.40400430604114157,0.17855596381394212,0.41094589298739254,0.0003757062760072423,0.4938071862206683,0.52,0.15820509381806347,0.0005099428935160409,0.43143744881543644,0.4517898897702356
637,2,4,False,True,0.051514935141713625,0.3406432983335373,0.33456156674748905,0.034149486274159514,0.49854336213263795,0.42587880518866295,0.46382944114655017,0.012883453105605784,0.5107058474366621,0.5165935670166646
638,2,4,False,True,0.3020745001535034,0.45194942767923163,0.07958549598367064,0.0007114135708382583,0.5020136114487874,0.57,0.22009543093206344,0.00039487984468930835,0.4992345416024982,0.53
639,2,4,False,True,0.4151838354834687,0.238313732005294,0.8,0.0036971258727423522,0.6493717681396856,0.62,0.6595369229422162,0.18021447768339882,0.46381095576951165,0.491869802879153
640,2,4,False,True,0.3422784850596121,0.4443118635173078,0.13492271925912835,0.0021559343340042682,0.49749129112021984,0.43,0.36067255385150576,0.00011995908125348133,0.498733532204724,0.49
641,2,4,False,True,0.26294807677567766,0.28948968035923067,0.5894912679696193,0.0023190867184114576,0.5281438257704394,0.5,0.538351936770485,0.04807624817504921,0.4765674964752365,0.44131530958922305
642,2,4,False,True,0.4704193290469617,0.08488310805810467,0.41755563554142566,0.0001306646447019047,0.6077002871406202,0.53,0.6245580968391662,0.11773909093134842,0.46104999812692943,0.4768955878573392
643,2,4,False,True,0.3653618619463442,0.41963650123008117,0.5033511052528766,0.0017136632426216025,0.4926771051044293,0.49,0.07942823954618101,0.0029205461489134844,0.4910402173424965,0.49
644,2,4,False,True,0.34399134567469825,0.4589668285114719,0.08663649384154877,0.012598656745109793,0.48696416443218077,0.47,0.42320250380310337,0.005701914967351475,0.5009610919090991,0.52
645,2,4,False,True,0.2574682601497911,0.07693558188409305,0.16312178539251715,0.02716776069261243,0.6176881814672445,0.5822759521955063,0.23528720033662168,0.08993778963733585,0.4522663038640281,0.44383539957968
646,2,4,False,True,0.28896206900406746,0.489447829996508,0.19907501068440586,0.06808733079178315,0.4783213537903047,0.5042207586199187,0.371073502876469,5.1012646129145e-05,0.5535105521700034,0.51
647,2,4,False,True,0.41534887692110156,0.051822667267003186,0.3897009303075328,0.0006710952256004843,0.7043277673584657,0.72,0.16470750078092808,0.332767172506286,0.4658429700913056,0.46424235958576787
648,2,4,False,True,0.08955412054580514,0.011000247542937158,0.3077039126395891,0.10004890815656874,0.5767129729386052,0.6104471402198842,0.11888972030347308,0.07792573667369627,0.6148358455332072,0.6428498390970907
649,2,4,False,True,0.01308237082316821,0.34145017391592514,0.2830390299554485,0.08383007077532939,0.49770147954302235,0.45398210942134254,0.4526522579575788,0.01294827705313108,0.5979345793129492,0.6065854982608407
650,2,4,False,True,0.252734976930555,0.03645754113068217,0.2396773386475855,0.011999363021997169,0.5537244029267847,0.5974726502306944,0.07587690494292906,0.03150036919226744,0.48538745314151294,0.5299483523781248
651,2,4,False,True,0.004090155787468741,0.4301538016657102,0.47625023577997494,0.1302544041989037,0.49209578919211144,0.4670550878330225,0.35728326529337945,0.004560539045583929,0.6580749541486731,0.76
652,2,4,False,True,0.1468217094455883,0.07270957565377134,0.2615824075294679,0.2106356921750121,0.6683690533921964,0.7379767435831616,0.5746784249006186,0.2590631630118492,0.6358119161319581,0.6329181164165767
653,2,4,False,True,0.4075472782905346,0.31783605571994517,0.20677518551191648,0.001328787293740153,0.5201290561590088,0.55,0.22965247644343595,0.023248756343424562,0.49009518057914137,0.56
654,2,4,False,True,0.42594091248240656,0.44358958624121064,0.2610198469788566,0.0013886994380582413,0.4899518008975598,0.53,0.12145179706241002,0.0006983770306194583,0.4906353849930211,0.47
655,2,4,False,True,0.12629255869343214,0.07811269300557178,0.06988142794879246,0.100965040195497,0.6249541993793808,0.5573707441306568,0.09262778968424237,0.1446550203972487,0.5601138761561547,0.5848492881474926
656,2,4,False,True,0.2856774647104744,0.2397261215062702,0.41804832058450475,0.029438605481463983,0.5039584500027782,0.53,0.04513763432374142,0.03632813186451639,0.4928986264855567,0.5028082163548119
657,2,4,False,True,0.10326262593478569,0.4832974133649278,0.17475689279388312,0.12618103428952568,0.46728168390955804,0.5524453535910864,0.26503372770473727,5.0324103957217266e-05,0.6193167025866351,0.57
658,2,4,False,True,0.007997656831296551,0.26136767629847474,0.3491280770186781,0.17685817008646054,0.499054960912383,0.4153613590378481,0.13937073529758803,0.0067862544940537894,0.6877783392000363,0.6973863232370152
659,2,4,False,True,0.4699023047060032,0.30684855374005526,0.20100450114363116,0.0002066177603860238,0.4967192246991762,0.42,0.10248331988940373,0.003861286464428212,0.5032463084502174,0.62
660,2,4,False,True,0.3972034954948411,0.3596205586859153,0.07321708227414088,0.00401566983883345,0.4840599700432714,0.5320559300901031,0.2507084407410541,0.00022730486167558386,0.49225268299436536,0.47
661,2,4,False,True,0.17478501870363616,0.1650914190998598,0.13867764578059466,0.01489772323514495,0.5201404079419871,0.48776504869074544,0.26411270315671864,0.033538699268401674,0.49353282432742324,0.4384436006630098
662,2,4,False,True,0.3732504576496166,0.43792990753530897,0.616880129760099,0.0033614527068124085,0.49692379377596524,0.52,0.33916115407803676,0.004322202706337949,0.4964717327027317,0.51
663,2,4,False,True,0.11352892299640788,0.14755366286235955,0.25703748517442676,0.01782840088214429,0.485553260465685,0.5431882646202155,0.8631777373320286,0.0010698347532764382,0.4971988398480941,0.4881957069710113
664,2,4,False,True,0.20826746367700172,0.04274504939421048,0.40808082540274515,0.03259163243431582,0.5516944200183012,0.5437519760896898,0.5447683130098236,0.05007576442999271,0.5141685215614193,0.4818784406151
665,2,4,False,True,0.2740961475735973,0.12810331553271798,0.12216220349576243,0.012254617103934742,0.5143322327945503,0.45903615409705606,0.168063852288715,0.027689523151839087,0.49302542019132295,0.5048758673786913
666,2,4,False,True,0.041393276630996345,0.05853571677910291,0.5280893495571048,0.022230419236257612,0.6402034507891758,0.6156435803962729,0.16841238734420097,0.16867101073594712,0.5111111915371429,0.5736589274494037
667,2,4,False,True,0.33195383393141126,0.417496528945579,0.3521192927382185,0.03390975515002498,0.48898409891132416,0.5166804616606859,0.06243144509790714,0.012978186622492593,0.5216520610905578,0.5158250347105442
668,2,4,False,True,0.4065264754916148,0.2690184729058049,0.2915547760615635,0.01734980039213159,0.4923694704901676,0.4359347352450838,0.7665779853643414,0.0064043804847741205,0.5078112552955873,0.44
669,2,4,False,True,0.46325498069831766,0.18790670237876683,0.30905963280902443,4.339397861854528e-06,0.6648124665328129,0.66,0.36273655466807686,0.184372648714475,0.4713700961992054,0.5855721286907604
670,2,4,False,True,0.35792863653515,0.09020501103477557,0.5177756573513908,0.0011886704328140868,0.6352029782263638,0.62,0.1437374145209589,0.11538699245178508,0.4640427336258149,0.47842824613782853
671,2,4,False,True,0.22106764616763963,0.06484745833277994,0.25880476333094443,0.09394370931495938,0.5961101465556072,0.6467359412299416,0.14271656409043978,0.13144715739325405,0.5432439692210455,0.5666549150001993
672,2,4,False,True,0.2566500845945701,0.2447817922603785,0.15430893882643687,0.01761374090184546,0.47431932324935333,0.46716749577027145,0.5874717243255785,0.005922498372589349,0.499902656048898,0.6026565462321887
673,2,4,False,True,0.19940080880358868,0.4539013674047534,0.05524997273058472,0.037952862766379235,0.44417752736553656,0.5521438058871388,0.2835125732106336,0.0003711836466003404,0.555037587401931,0.48
674,2,4,False,True,0.09963135030931963,0.4978558172955259,0.14748894521417988,0.3326469989292969,0.44906257451359005,0.4671585193669926,0.42593403613539377,6.923971038616964e-11,0.7932017153461636,0.87
675,2,4,False,True,0.08846869627976839,0.06852346388711761,0.07061676304896233,0.4493776439406193,0.5035995698326898,0.46930439971130655,0.5676634910186472,0.04722418607028085,0.7539097447077405,0.7492926367235329
676,2,4,False,True,0.3445910875058217,0.4338700155058996,0.06382284500658093,0.032732022324113624,0.48983593461104447,0.4965540891249418,0.09315459942418178,0.00728381746342137,0.5155538818232328,0.575661299844941
677,2,4,False,True,0.24910033330439396,0.4016689202459582,0.3041969828358828,0.03351440756789493,0.4850597378685882,0.4825269900008682,0.4208173494556523,0.022658282994933797,0.521673770909187,0.5
678,2,4,False,True,0.4736189924731432,0.03922677557060378,0.39305418537657555,0.0018367586127473112,0.6161949716270967,0.6552638100752685,0.20298596370977168,0.1199610726841178,0.47511242067357445,0.4803866122146981
679,2,4,False,True,0.31585983589191224,0.06237117713124424,0.4468688192202544,0.007089406592122332,0.8410361595918484,0.8168414016410809,0.1697495263333375,0.517822964380621,0.4677953414680713,0.45318039383356484
680,2,4,False,True,0.2078904692777106,0.04142895468302271,0.04491268430089708,0.08445485437399337,0.7080120340205612,0.7571320483794518,0.44883831234680105,0.2378022614720631,0.5408919744168116,0.5025998390331305
681,2,4,False,True,0.08460997252945646,0.4254086615392056,0.05735567610147992,0.3225671457898776,0.47377738816959525,0.3712326093399848,0.6566840963363537,0.008280909521557508,0.7665301462138054,0.8144754803076476
682,2,4,False,True,0.36677979496112095,0.4869042155226495,0.38660745857279594,0.0008084625532124212,0.4970962028406594,0.49,0.5364914501045971,0.0005630582561920325,0.4929801203042979,0.41
683,2,4,False,True,0.011565064163778727,0.30990921115520753,0.4304026148809119,0.11756957231318689,0.48952151141942485,0.5398227435358748,0.08757355555558297,0.00872182783156673,0.6246782074916358,0.67
684,2,4,False,True,0.15158051500491476,0.10217834377377222,0.07090587370304653,0.029937862178002636,0.5767331048193436,0.7281680918489681,0.06723329441687476,0.07130425353505132,0.5061967083416702,0.519128662490491
685,2,4,False,True,0.4800571277281043,0.19869328058497798,0.6472706154259326,0.0030383898763959695,0.536647577254812,0.58,0.18641118098785275,0.06298562222978152,0.4792165665647702,0.5380784031649013
686,2,4,False,True,0.4558417380816178,0.271405755886078,0.4488782385098406,0.0006961387104455232,0.5032942963524408,0.53,0.8036185283928635,0.014661697702085124,0.4896035461722404,0.5072859424411392
687,2,4,False,True,0.2077682885603423,0.28035260455397926,0.48218594425305444,0.03491223403800416,0.4961646074844501,0.52,0.1428261993187097,6.003609070373566e-07,0.5087514358327136,0.46
688,2,4,False,True,0.28257285261292225,0.3271138817917774,0.5128543430138961,0.007384574757262274,0.5057808684833835,0.52,0.10780193471095907,0.010340437755581616,0.49948582843127354,0.4567288611820823
689,2,4,False,True,0.2982610580846921,0.43677597318630523,0.34259008705771843,8.251854190455148e-05,0.49696313009544757,0.5,0.05518409373531086,0.008173886436502612,0.48037133312712704,0.48
690,2,4,False,True,0.1067287887051846,0.06552728269047614,0.4655851004912467,0.07905891054238992,0.8357938459625033,0.9019720450826668,0.5123658533083995,0.5740326249281502,0.581457449962381,0.5624785412700001
691,2,4,False,True,0.12645775489363548,0.30541080861774506,0.16232931225285424,0.07542378614522632,0.463970876629954,0.5286188020595728,0.3505265055181237,0.0002443246375175217,0.5606364729784556,0.55
692,2,4,False,True,0.09720064621163788,0.16923020146437212,0.38349470430209237,0.05694495789742229,0.48337674300263234,0.4905598707576723,0.08189015026657183,0.0057598045085922285,0.5326216038114506,0.5015384899267814
693,2,4,False,True,0.4635700526257923,0.08519183419084975,0.3104079346979308,0.006011188918696596,0.7874450825737311,0.7853642994737422,0.37155636660604807,0.4027034727840373,0.4719582832474923,0.41188669471701955
694,2,4,False,True,0.271003483987147,0.3271764686935296,0.6156793051933312,0.017308744699047817,0.49995498886081,0.54,0.23214066106864872,0.0039039268464498844,0.5100752000128841,0.45
695,2,4,False,True,0.29434024068043785,0.015365480898380857,0.2515690974402117,0.011715118162505114,0.7155807338890693,0.6882263903727825,0.15147063636437635,0.202551814184109,0.49746360474182577,0.5418562951238581
696,2,4,False,True,0.4533279155505889,0.29190408278616864,0.25353923974979625,0.006361154241108289,0.5029573864276042,0.4854667208444941,0.31001074222137676,0.015951150595512987,0.4828494895691125,0.5070809591721384
697,2,4,False,True,0.38199478780009843,0.38185614769195225,0.2909767876960456,0.002241163032555892,0.5023732385702793,0.53,0.22970454035428872,3.193460714677506e-05,0.49416540139323123,0.58
698,2,4,False,True,0.3747270552561582,0.12421336393619309,0.16676284948536993,0.013484280305661678,0.5023453335141481,0.5,0.17712895490743674,0.014419773920932324,0.4979483219945613,0.5400629308851046
699,2,4,False,True,0.07361702460480041,0.39255076890697954,0.35002139159797263,0.07313122896301207,0.46623608368390834,0.4634978711422718,0.06072682054790877,0.0019275515989988967,0.5551091649252139,0.59
700,2,4,False,True,0.24347631662943953,0.11976086613210712,0.05606889687135001,0.017795175853814318,0.8091462870188306,0.7880871315033504,0.48330089251403263,0.4175410365400981,0.47511062527152514,0.5308980448858361
701,2,4,False,True,0.05211832954529494,0.28515848441702824,0.056032786501429635,0.3038777877066872,0.5068627886011968,0.5228009512500527,0.4219282302423636,0.049345999891777875,0.7452357936035434,0.7928904909349782
702,2,4,False,True,0.34007208993019106,0.42359473398789876,0.1719739346159169,0.0009642267511444977,0.4868397116402793,0.41,0.26122145900966,0.0015406596469410639,0.4942479805374472,0.44
703,2,4,False,True,0.084761912874247,0.47774921201462334,0.39092910253904634,0.2485167641343648,0.4746447588464089,0.5579619026526959,0.2296128697428062,0.000809788352850327,0.7489278777579488,0.79
704,2,4,False,True,0.4630210789472116,0.47330390484770773,0.17909806218896082,0.00033936501915203434,0.49892025995000033,0.51,0.17841474752607525,5.8913055008717785e-05,0.4966533921903046,0.58
705,2,4,False,True,0.2871811813465632,0.46806843515506946,0.3471391060873562,0.0008749664520725826,0.49651639619482346,0.47,0.4121603928299054,0.0007498842280415885,0.4945766357556278,0.53
706,2,4,False,True,0.1435310330892508,0.3870879393501274,0.4380403317500396,0.32258419399756655,0.4523692584672563,0.4397641384187622,0.07178676084690234,0.011733504464062391,0.7859615103101818,0.7222582412129975
707,2,4,False,True,0.4975327809317062,0.04365684898569078,0.2748479446480288,0.001665093551544814,0.6949098688762732,0.7,0.6721911369936561,0.1586127078009328,0.4746491722330692,0.3760298083245789
708,2,4,False,True,0.3655226349386274,0.18142429636997642,0.03080718577756168,0.008547978443380295,0.5352446172373934,0.5463447736506137,0.1879674180524173,0.06035134422042598,0.49083701738736873,0.49092878518150124
709,2,4,False,True,0.16926748777625183,0.45463672016565043,0.34324366539445983,0.07508537354706568,0.4663808332833962,0.4379952265890873,0.5002061676072866,0.0017926064804768944,0.5973905257753043,0.55
710,2,4,False,True,0.42679193190073655,0.06685330294577979,0.6472775817382754,7.231424758968935e-05,0.5651171329089588,0.51,0.3126721055097988,0.11531219073909986,0.4695190260214975,0.4885789476154834
711,2,4,False,True,0.18076643752970306,0.43388525086071017,0.23040003550584331,0.09348490861120883,0.447672309954296,0.4102313837434653,0.2390832275847948,7.411742688903288e-05,0.6155057835986228,0.57
712,2,4,False,True,0.13477312908854033,0.25006644717439785,0.13955988919034326,0.01698958341152808,0.4656289169044899,0.4843931054731773,0.1187014325214251,0.005549018709937431,0.4535445912000041,0.3799973421130241
713,2,4,False,True,0.3781478877016318,0.3122913750057593,0.12741014421746166,9.331049265993552e-05,0.49737059295721775,0.5,0.7772348856417063,0.002756430032784068,0.48833523473739,0.45
714,2,4,False,True,0.3672162115450478,0.31334134851530293,0.17857107715005244,0.0004930769567146339,0.5309921243346009,0.47,0.44223145466118474,0.04676186836469405,0.48374554073007314,0.523733173029694
715,2,4,False,True,0.3342025529923233,0.04720940785205435,0.2294869363432007,0.005745099646397038,0.7553726195807418,0.79,0.2682171724781476,0.366530433600055,0.46598560084554763,0.5226185434458085
716,2,4,False,True,0.18646404055729748,0.42589463214750933,0.2478538342983903,0.03824984883998564,0.4699321892908018,0.4069475171609892,0.10116524339027048,0.00038435565447798143,0.523507495029987,0.46
717,2,4,False,True,0.31401741075422934,0.1919427777678694,0.17647434194773146,0.00035189780050920655,0.5062428308920104,0.53,0.38488202806917576,0.030493904227169397,0.47796377205634727,0.40848343333392784
718,2,4,False,True,0.4248496295586523,0.4069938511460087,0.4109680501096866,0.00248366573150372,0.49235350748195705,0.49,0.2566608068805901,0.0012309132587709519,0.4979615338186969,0.53
719,2,4,False,True,0.3954515583090089,0.0883710848907942,0.08313021880381906,0.002142155974449838,0.6542622873642858,0.71,0.13123816602307561,0.24167543322866716,0.4576381553986021,0.4728841443458664
720,2,4,False,True,0.46943317379292376,0.019654800738914735,0.49225876529265344,0.0021597228254891503,0.5559751014358637,0.62,0.3100055045064455,0.044271721274603194,0.48133968256854825,0.4819175833201986
721,2,4,False,True,0.21392991166434888,0.36425516985254597,0.4200997595693153,0.07506318134333723,0.46064933179441453,0.5221891114836346,0.08942939361783141,0.00044158048902671513,0.5893282572749315,0.52
722,2,4,False,True,0.232967030409035,0.004731761286264291,0.0495958740158573,0.052448141791970306,0.5709958244492742,0.576021978175458,0.2871501991539704,0.0917427569742467,0.5365789555933835,0.50588336768095
723,2,4,False,True,0.3365437915335879,0.41906310756925336,0.2731550822397072,0.0008967467849671883,0.4925969997237212,0.49663456208466417,0.405839210319766,5.175821963520852e-05,0.49605521796016,0.54
724,2,4,False,True,0.26778819887073135,0.46557750845386603,0.4368520936289653,0.02513400639463389,0.485966354033878,0.4146442360225853,0.048917761362974196,0.00039760200097247426,0.505456709723793,0.5
725,2,4,False,True,0.17853599554300253,0.3149534525245296,0.24465636440459493,0.024294676779662842,0.48469416816490896,0.43,0.6753930525224952,0.004503409439815588,0.5135953258323281,0.52
726,2,4,False,True,0.3112712399279903,0.076083397025071,0.31687283427395324,0.037143690571262,0.5617491504028803,0.5637745752014403,0.23418034100738994,0.02378699170721167,0.4918431830501675,0.49500163736846736
727,2,4,False,True,0.35799673133972926,0.3113800047815037,0.39613085223414535,8.602374232953928e-05,0.5175988045761244,0.5,0.35036724801643004,0.02271080643509535,0.49023884186085825,0.526886199952185
728,2,4,False,True,0.4966023040097203,0.03988490980769144,0.5892709042391381,0.019848474925956736,0.612372031154994,0.67,0.19243166747929974,0.08387259726739665,0.4860630811465586,0.5372943739576932
729,2,4,False,True,0.49971584947409053,0.21237505494880682,0.5859771126573715,0.0009378514995218027,0.7273006819612621,0.72,0.47090232258681997,0.2886655536592811,0.4492759744276788,0.4966387439556313
730,2,4,False,True,0.14136260755652408,0.19548897612517696,0.04676768758909892,0.08476700822678822,0.4908286794893833,0.5615182435466086,0.10655407801540831,0.030849194739784577,0.5483947044416525,0.5465413228649788
731,2,4,False,True,0.37667790408312796,0.3739665169984584,0.4558313153121092,7.581998100377477e-05,0.49723498314387526,0.49,0.37800018628374765,0.01216442778214043,0.49099380939062803,0.46626033483001544
732,2,4,False,True,0.15809237854183256,0.15248155401954105,0.15145045624090797,0.09233201574388797,0.48109879817618967,0.49893353350207176,0.1511909260433565,0.00865352777656913,0.5719667137455141,0.5523759222990229
733,2,4,False,True,0.28276371105791587,0.34979685672395433,0.2293350739927586,0.0008797699770109159,0.499042734186922,0.5,0.037537754099306236,0.00013250632623597366,0.5005757110014661,0.49
734,2,4,False,True,0.37646056688490825,0.30892571778539607,0.20060685498629746,0.0005132400876131448,0.49848121956239494,0.49,0.20542084430760896,0.006003174800054614,0.494447354245468,0.5
735,2,4,False,True,0.16342447095095997,0.3269832556136795,0.27091367588201115,0.007733601410622046,0.5031081667718278,0.4083657552904904,0.12595086070482747,0.011632984773985122,0.5020260444680402,0.6
736,2,4,False,True,0.1888437070823249,0.2918994010309771,0.14757425727002232,0.002611715705308519,0.4970626378948427,0.4781115629291767,0.14332089503325213,0.0023625060772346426,0.500496648625154,0.64
737,2,4,False,True,0.37670702397396433,0.49419960109506933,0.3201766019878159,0.004783859646572568,0.5027473074866318,0.51,0.5649094902471361,0.00014848184734274917,0.49555754051857637,0.58
738,2,4,False,True,0.286546039341846,0.03218438323976852,0.19522672064384788,0.23542591157806053,0.6412610357998725,0.6241526337053047,0.35010388461963704,0.20575673327417474,0.6661523063380883,0.636505400234969
739,2,4,False,True,0.4675254871559732,0.47649618923402165,0.44588591124207255,0.008720999859146102,0.49207670434899076,0.51,0.18232931073363207,0.0010300432275325553,0.49461816105122136,0.52
740,2,4,False,True,0.48553440691322614,0.4849222347811104,0.21671744081286537,0.003477445956386476,0.49709836603299007,0.45,0.42705434115929625,0.00318027295627249,0.4903660987921855,0.49
741,2,4,False,True,0.33281514542607504,0.2595161174777486,0.5507080317695898,0.002231617187226073,0.4973024873019548,0.5,0.40486776618494363,0.015556804636304933,0.4915518874283886,0.47
742,2,4,False,True,0.4862361852023915,0.48631219346622334,0.3067321895211814,0.0010009568347797485,0.4994495497332714,0.49,0.22057916693845722,2.1312814010870013e-05,0.4980191629291473,0.6
743,2,4,False,True,0.4309724608407186,0.29526641432971473,0.1091720945026301,0.0005420323573485856,0.5047330129105531,0.48,0.4915743179615957,0.015153870578378881,0.49009745239471547,0.52
744,2,4,False,True,0.05616489724187562,0.015788830581436986,0.629217573893924,0.10520729405089004,0.6814661909041803,0.7301229229582685,0.9,0.27598856791276416,0.6437873028884005,0.6380004887581079
745,2,4,False,True,0.4413217738672342,0.14038726419553238,0.26094589298739257,0.00011010225195971539,0.5082497529844257,0.51,0.4656793051933312,0.02451302175152261,0.4997908028746876,0.505788382074134
746,2,4,False,True,0.30937331776975324,0.3430716102336529,0.18044889237794298,0.0002897222072937284,0.5182812533644605,0.4869062668223025,0.266710156622593,0.03450405367724933,0.47924650054851836,0.4731385677953269
747,2,4,False,True,0.18681557496376677,0.27020223248734354,0.1876524696701512,0.17593630122585555,0.498177424701562,0.487582131004348,0.41944060822381984,0.036655028911100444,0.6318360996689322,0.6345959553502531
748,2,4,False,True,0.35250368039070423,0.2154931853288391,0.729114518677662,0.002221325929615076,0.4915584536270771,0.5,0.05621382221693129,0.0032741116580931313,0.49940535042856665,0.48784506814671164
749,2,4,False,True,0.1270828762202587,0.11438892745467982,0.6289441244758133,0.12483278196518624,0.5424829781671813,0.49629193179225,0.22353601626309533,0.18946769778415354,0.5822401532807873,0.6436544220762858
750,2,4,False,True,0.06877599889501945,0.20594417817049282,0.2888080103333014,0.20118340122833234,0.4841400756749206,0.445240640397793,0.09493727504879304,0.04459536325501332,0.6261467418104152,0.6617622328731804
751,2,4,False,True,0.46715167740268976,0.2667161267045069,0.6444187908693451,0.0020788842528877997,0.49259636241947985,0.55,0.1089739671159247,0.003983801408695821,0.4913793471275005,0.4773328387329549
752,2,4,False,True,0.0194455598435056,0.4157416129978541,0.28534617803572093,0.22087795326328447,0.4893557094993207,0.5381382084954616,0.22039509476015584,0.00507908432092462,0.731981937902516,0.78
753,2,4,False,True,0.18186692045701924,0.11861588889730634,0.2626173924174099,0.09255884813842451,0.5921519390903154,0.5190826235223068,0.7798549084600349,0.19145792246744492,0.512572743552559,0.48271834555361953
754,2,4,False,True,0.03560744638655061,0.31410546382200955,0.09789518118986185,0.352311755544963,0.5285176326921713,0.47151404289075954,0.47800965984069654,0.07002376499773462,0.7409305082560191,0.8142947268088996
755,2,4,False,True,0.4206877230901914,0.3838466999807285,0.5084983516993195,0.0037907671433619473,0.5012131171660597,0.47,0.16768913156076964,0.0005070303381135173,0.5011787679200462,0.47
756,2,4,False,True,0.15476631958999582,0.29481136985988937,0.8687403160004455,0.001396807683766141,0.48178762991521445,0.5560710312369004,0.18154026533735662,0.0026163377407132367,0.48258490542467264,0.57
757,2,4,False,True,0.2388507867798863,0.2467413374759208,0.15245288230796714,0.01424378368470057,0.5086418091149417,0.49,0.31588893642961546,0.02807250550343308,0.47842270911377616,0.5401303465009631
758,2,4,False,True,0.3567563351783076,0.4674816723685152,0.5201229519883364,0.0010600523118201555,0.5059156771933581,0.62,0.20018221921173818,0.0009951147971671783,0.49887804398631563,0.48
759,2,4,False,True,0.3569176289662217,0.4491058407943593,0.21738194272081687,0.005292742610791862,0.48687548267860803,0.49,0.24041273585055203,0.003556249590780626,0.49849099086667775,0.55
760,2,4,False,True,0.33321279296058964,0.334285033188287,0.3994948328214325,7.000968854225147e-05,0.49090018081055914,0.45,0.2703127979683375,0.004776034392337422,0.49375800619798665,0.5
761,2,4,False,True,0.2658654265675566,0.47584447279728154,0.3670841103161235,0.02823667867620023,0.49601735416246256,0.5273413457343245,0.174126082334706,0.0012027345752811296,0.5064746464029853,0.52
762,2,4,False,True,0.48334361749893034,0.11852101861071301,0.4740437739921256,0.0002973406828077494,0.7098749845737516,0.69,0.30520404542446555,0.19384356867086333,0.38905782641984604,0.400442344367001
763,2,4,False,True,0.1512357103489929,0.27533903112879377,0.4473978166634677,0.06572171274795363,0.4484301720358431,0.47462928689530215,0.5267825267310173,0.008348464666411894,0.5710658461595225,0.5644932193774241
764,2,4,False,True,0.19483163904224332,0.03428629256723864,0.161824721123273,0.20795760924541032,0.5827103831234166,0.5307752541436636,0.10533920796761187,0.12131851287538105,0.6772785447551778,0.662513990790708
765,2,4,False,True,0.46947855136522587,0.14049816933837178,0.36044932058063234,0.001745292981319645,0.5977751379394025,0.65,0.36639767175278465,0.10843611514850687,0.47129549583491914,0.4145452013727791
766,2,4,False,True,0.07626621019187546,0.3161110912467118,0.058715170504530664,0.18315986439189214,0.5223738756079869,0.5563574748405187,0.2807694436280209,0.07321229678177618,0.6956904460097593,0.7641944454376645
767,2,4,False,True,0.22704400459807245,0.01713221303683543,0.2026483967169194,0.11761308565972284,0.7293754752137296,0.7636729592643084,0.4022292323408106,0.3700252048597179,0.577787339111102,0.49920670578679355
768,2,4,False,True,0.4721777467669275,0.17007604819727512,0.2865391946595498,0.0019846958605648913,0.5585001601116389,0.57,0.21916008039161383,0.08176903525070134,0.4900128514694561,0.513196958072109
769,2,4,False,True,0.14223561665947898,0.11037420410216581,0.1647709183379288,0.028163818511355087,0.6294665994436079,0.6357329315002157,0.19768912682603465,0.11420373927455564,0.48640820136655605,0.5090289012205885
770,2,4,False,True,0.30372807827940723,0.09616505341144521,0.6538253123984439,0.01902032407748688,0.6736297146942839,0.7639254384344119,0.5865172942703779,0.1700876570543995,0.4725569300372137,0.3873038818401086
771,2,4,False,True,0.4908593499132055,0.20877807506237284,0.04995484985125788,0.0006476093478755082,0.5056728516252169,0.56,0.42695767570866894,0.0038118151756822084,0.48736097672994894,0.44582443849875253
772,2,4,False,True,0.45344193009654943,0.13910572545398425,0.2746081190830855,0.0011170179682565915,0.5030396742097104,0.61,0.17210963985371733,0.004594745772736389,0.4752152627822718,0.5046983702000618
773,2,4,False,True,0.37696289839729885,0.18941905387783925,0.07462867432390086,0.00023886972274831498,0.5460822001743272,0.53,0.052919413911318006,0.03882775378677622,0.4866812890143438,0.49242323784488645
774,2,4,False,True,0.43169230521389756,0.0522549345004551,0.18714953882012483,0.01596174828855037,0.8712743693078479,0.9013661538957219,0.1806351675811925,0.6174851706439111,0.4750784738676716,0.47073723667974504
775,2,4,False,True,0.10322350218392268,0.32511979194030544,0.07258514956830953,0.22412563525043755,0.43475767473502464,0.42116260375516407,0.4035528295857057,0.00018813821787812789,0.7018472963537015,0.67
776,2,4,False,True,0.14848870798197994,0.14861333966564821,0.4032122084922495,0.009140894526134728,0.6261591407563821,0.6181209033614417,0.25643608199152446,0.13698729095931625,0.4649627824346518,0.45176346546352675
777,2,4,False,True,0.06819524402096988,0.4716580362805189,0.14670186930725698,0.1700363703030202,0.4732943289255423,0.442721902391612,0.38458486373380296,2.930868797723358e-05,0.7117607460662192,0.73
778,2,4,False,True,0.12261910970759166,0.17501719797950094,0.40594212442854827,0.031185934596516248,0.5173301166323747,0.5375476178058481,0.5011373285067118,0.02815017375462049,0.5131419341864745,0.508249828020205
779,2,4,False,True,0.32371576718363004,0.46057331440716665,0.35466885192105624,0.00351200016589496,0.49445130124878406,0.59,0.37052424046540217,0.003933367657425415,0.4901062734563534,0.5
780,2,4,False,True,0.2293233911428642,0.45179052815828497,0.07914394202646377,0.0481805758021988,0.4821338282384566,0.593120298265714,0.5268542917458792,8.997727567390746e-05,0.5383542703098936,0.52
781,2,4,False,True,0.2025977603598076,0.3540288504566711,0.22899303145428668,0.10708219252431793,0.4683134560132311,0.4597402239640192,0.3200164381513609,0.0017909168032182881,0.5925548258759123,0.59
782,2,4,False,True,0.20038393963177958,0.18104284612097793,0.6841894805025464,0.039288131853141284,0.5489467508278878,0.49998080301841097,0.3659416863922044,0.08594154540464809,0.5047401616047856,0.4555165723103217
783,2,4,False,True,0.4722026862437126,0.0773891937650068,0.2229855395570167,0.0011293032428366578,0.6481361716726446,0.64,0.3225111932820568,0.22188628314716527,0.47117266377778705,0.567557133808148
784,2,4,False,True,0.3669444371445056,0.07564383449707701,0.11761777318244512,0.006289474253371453,0.8901736945225537,0.9026611112571099,0.2975955876603912,0.5878618338061964,0.45891235954763043,0.4221780827514614
785,2,4,False,True,0.19230005254466398,0.01767409604619996,0.12102606715929927,0.13058165438142078,0.5267819022076262,0.4426929952709802,0.7783148366774607,0.02639166449345723,0.5997535477280511,0.5356839822025781
786,2,4,False,True,0.372125171009531,0.4484285496242309,0.3113718116165748,0.0008022239120922025,0.4918811863884381,0.46,0.35059843207161956,7.328483544876567e-05,0.49248251432060125,0.54
787,2,4,False,True,0.01901723381048742,0.02240775473666745,0.1974158282492785,0.22979348281789896,0.7597706424798971,0.828209315037498,0.09380747633411876,0.2579503959905985,0.6998636098093477,0.7176757348948332
788,2,4,False,True,0.0455283606653204,0.15895005032089793,0.2662439871870531,0.2833451594826355,0.5091631483219046,0.4485854311409288,0.43100588667488837,0.049511169887963245,0.7265932926531489,0.7941049949679103
789,2,4,False,True,0.3632228774058589,0.4037011592161674,0.21849453884851577,0.00015472877893893928,0.494010786202636,0.44,0.0912101877087115,0.0001643800185782293,0.4972137080293325,0.47
790,2,4,False,True,0.2694410316852246,0.2243499791626124,0.24257109768566726,0.025002829480442336,0.48895732496709743,0.5111391277820342,0.6387501685795656,0.030748688663365286,0.5330390012502433,0.5255130004167478
791,2,4,False,True,0.05265205507957543,0.4457195275182839,0.22947391178969578,0.40154701475415616,0.45966427212446825,0.4447231230966844,0.35452284973152637,0.005259113554388918,0.7944342437798536,0.79
792,2,4,False,True,0.12757260913754281,0.07720835087314887,0.5861930415291174,0.06116934347458741,0.8146714370922479,0.7717282172587372,0.05515080976708756,0.4248856367333741,0.5484523992582327,0.609079574037231
793,2,4,False,True,0.06411886914862136,0.41156188961003437,0.6684526342734531,0.1297063002880999,0.4753637033586174,0.4133290940213584,0.18972738026795072,0.0036222016550531777,0.6542136306155877,0.66
794,2,4,False,True,0.08236095548888461,0.06764244583729717,0.31860346116083926,0.12818500974500366,0.6269226909927896,0.6897598171517804,0.11739436307100204,0.1428160909783014,0.5832521591479808,0.5803836907071838
795,2,4,False,True,0.4762459116526612,0.49833911998114083,0.12811990870712986,0.0001039745383690631,0.5022285049060169,0.52,0.22161312812203643,1.7994040845669987e-07,0.492101328704015,0.46
796,2,4,False,True,0.02910147380822098,0.21320649769775002,0.3341006839295778,0.23652151444300581,0.5368652404717134,0.5226446146202725,0.3611659461324128,0.053735003416588996,0.685806378483596,0.7229434801841799
797,2,4,False,True,0.11913646441041631,0.2525096288561404,0.43152862757030713,0.0338346706423066,0.4774899778297085,0.3725986131856043,0.754232500505615,0.001705076667063652,0.5289718921568113,0.59
798,2,4,False,True,0.19403329710809636,0.06918353386441523,0.2919305512245572,0.04216622713774694,0.49464877503168536,0.4744773362313523,0.24738905381123882,0.010425153472838377,0.5376312668299004,0.5882387992430494
799,2,4,False,True,0.08134572826034558,0.12999063982038916,0.10427310202188947,0.14824919800655187,0.712433159762319,0.7338714475003617,0.3600276931078833,0.25693995439577205,0.6309277072343263,0.651903463266456
800,2,4,False,True,0.46257425858652207,0.03846722743219888,0.19443253038986408,0.0002154214780104145,0.6606136237604029,0.71,0.07022227505079288,0.2023005745895979,0.4758723343531883,0.4380722012312749
801,2,4,False,True,0.1588547310269971,0.22380393192164955,0.1729911164494103,0.11613362759103314,0.485631662589022,0.4929946957254105,0.30706194082599275,0.028241888413243085,0.61427461116216,0.675523921361567
802,2,4,False,True,0.08763706928193266,0.10779932450615637,0.07403042990415416,0.12945787540465425,0.5735441737872325,0.5072612324959959,0.437861187306814,0.1971743008777569,0.552002529694818,0.5538301013240765
803,2,4,False,True,0.13550774629428658,0.4027934473085081,0.19211290473985815,0.003323233802411176,0.4703637157503167,0.4910289155187999,0.3831839054897168,0.0044637230486740676,0.5007831264955276,0.5459720655269149
804,2,4,False,True,0.25362170512148546,0.44516900780348456,0.30280966056897973,0.0006776242144571364,0.504863048373099,0.43,0.06423799752348033,0.0032033882647353744,0.49567219863991324,0.59
805,2,4,False,True,0.04049702487057466,0.35172997200567174,0.5571439069436479,0.12483747219629604,0.46955019599650577,0.4948918445802437,0.33188152208558297,0.01252321921152828,0.6470447254899007,0.5629654005598865
806,2,4,False,True,0.2638222801064887,0.036761557269773426,0.05309962327257996,0.028085141708955354,0.7246912630131023,0.7915324403925459,0.11217505771780614,0.35241618892213816,0.4883132551659971,0.5938992943384609
807,2,4,False,True,0.30118827316972857,0.2942850356733338,0.30664675933220503,0.00036452007922243104,0.4970470293170756,0.5,0.6330586073590408,0.004472830693380226,0.486298292636132,0.5270571496432667
808,2,4,False,True,0.41327426814373497,0.13030446640092663,0.37534325410959946,0.0030492912880103608,0.7081137172570657,0.68,0.2715086971430799,0.23906368430256403,0.45106153887442424,0.38090866007972196
809,2,4,False,True,0.02311014978680559,0.3131656783286757,0.4234783848782353,0.07975595656219403,0.5389514480935852,0.49243628616202784,0.32574019797466,0.06298081408421952,0.5501278699743297,0.5268683432167133
810,2,4,False,True,0.3556641899753557,0.49130999287637933,0.06998382922292927,0.000287576954894372,0.502070643983106,0.53,0.097173503034831,0.00014819284182622665,0.5046104280085483,0.44
811,2,4,False,True,0.4715998423626848,0.46472001225786563,0.2765302308156303,0.0017386917332511478,0.492477800709368,0.5152840015763731,0.06052991515151349,0.004367802731493769,0.4918333358320673,0.58
812,2,4,False,True,0.30361418344893587,0.029564806326185522,0.43267210160313685,0.027473676250728617,0.7910354349394164,0.7908915744965319,0.2612596258485797,0.3340956617486715,0.49421951263452185,0.4849219487736455
813,2,4,False,True,0.25014663190342606,0.48655272137142347,0.22631689819200557,0.031622528515955525,0.4864925510993059,0.4549912020857944,0.11537977846484129,0.0008015765315430897,0.5261809287408458,0.53
814,2,4,False,True,0.32613074527806846,0.35855668267924146,0.04881953717428067,0.0008421840707755413,0.4989237685405824,0.49,0.19442196059128322,0.0006651055394002593,0.5004677526250338,0.4
815,2,4,False,True,0.2774524393458861,0.49251774636678386,0.10222080621187073,0.004213399290504919,0.4846087841376611,0.5172254756065411,0.5289410062560018,4.4762152246386474e-05,0.4951074822536332,0.44
816,2,4,False,True,0.008450195270860494,0.04227118582842593,0.28301007528872796,0.11589791203506074,0.568202176481587,0.5471269336079074,0.3164225339418187,0.058219643861671964,0.5501835700609811,0.5606877971795639
817,2,4,False,True,0.24817437717433993,0.47178587657654597,0.15111044595478507,2.0933533235119526e-05,0.4851701149492169,0.4750365124565132,0.16147493260256376,0.001169966658371186,0.4963261781332433,0.5
818,2,4,False,True,0.08821612921683808,0.35507533300634037,0.06334026914708168,0.105866636844836,0.4724038144510646,0.4764778708976015,0.77793223167725,0.019035681741635845,0.572971669407946,0.5864492466699366
819,2,4,False,True,0.2011760596322169,0.44285107115477546,0.20310907726238475,0.15015943265040724,0.46564160572629737,0.49183535165148967,0.4041262632383601,0.012177492713825006,0.6164572339326784,0.6011429785769045
820,2,4,False,True,0.2187321523936951,0.3776605075935724,0.27537559824696145,0.015750984500854815,0.4765698458430272,0.4456253569521261,0.27959763084070216,0.001090478513563434,0.48571861039608555,0.43
821,2,4,False,True,0.4860945628109349,0.022555928298382655,0.20356762179551985,0.0009513751599694631,0.5767819825055349,0.54,0.2337530020067687,0.04041157782493553,0.48067324056761745,0.38488752804008364
822,2,4,False,True,0.2583008350432375,0.26488938791784683,0.43732693149309504,0.040988329052703366,0.49123446801927295,0.49966796659827045,0.3302949860597202,0.008105255631109485,0.5382086787241317,0.4567555306041076
823,2,4,False,True,0.10455228959666024,0.28903278790307413,0.3629700312101014,0.13276995125928345,0.47264006568923844,0.4911805878726011,0.25585365259407056,0.009200411859459244,0.5966528934237932,0.5771096721209692
824,2,4,False,True,0.19335612555362386,0.47966125916483243,0.141750343213723,0.01356122839303768,0.4947367076811095,0.5245315099557101,0.07442914494906035,0.0007682783156850233,0.5013569484743384,0.46
825,2,4,False,True,0.3073858500253975,0.03852443263953409,0.31600149247348536,0.0015564653322267651,0.8095323321648704,0.88,0.24281646755935887,0.3409982019157598,0.4756582097885692,0.48457387445790756
826,2,4,False,True,0.17655615876730835,0.21489682897144785,0.0526117248708722,0.04481255319246385,0.9394846107609521,0.9641099457109422,0.0,0.8315064887644863,0.4400869655039266,0.5039557123554181
827,2,4,False,True,0.4492694073065085,0.4556520624946684,0.32019323182547876,0.00010374251221646206,0.5017014611853869,0.41,0.5145718645171196,0.0009161453796655383,0.48888382680003417,0.5054434793750534
828,2,4,False,True,0.20178524759297217,0.33321721132600224,0.13148535492669,0.08585953154736498,0.4592293721457816,0.38982147524070276,0.3635335325575984,0.003111163636392272,0.5982674098475136,0.54
829,2,4,False,True,0.4596210657438628,0.11295346381115517,0.2585014538788816,0.0013868881482814429,0.5938074778435989,0.57,0.48305805998488777,0.08107044811606004,0.48050360919493634,0.43757511898077295
830,2,4,False,True,0.12091530243170473,0.24587607776683695,0.3136528880593807,0.027354619212535503,0.4633832329046763,0.5249345622948056,0.10467798999203212,0.021752683873438986,0.5428325892139505,0.5401649568893265
831,2,4,False,True,0.4388624529345025,0.19332196436654964,0.1305753388812008,0.000986184005285837,0.5397056877353275,0.49,0.07786042610350155,0.032981723374922806,0.48012616099411515,0.4842003410690035
832,2,4,False,True,0.11285824059892452,0.17491177765213234,0.4425191199504862,0.1451417139612748,0.5102012408575839,0.4808140990981828,0.20646907970024492,0.040758767449430945,0.5672690725649161,0.509505293340872
833,2,4,False,True,0.09659881685395294,0.36578647688717736,0.46120941912688596,0.014899815667866212,0.47962240347696106,0.4377822721235908,0.7314311404088284,0.007208563310871156,0.4881592419926847,0.54
834,2,4,False,True,0.2779353785269687,0.18084253294646657,0.05006931941147622,0.020599589436215492,0.910593759010332,0.9061032310736516,0.15737713355751892,0.681908689603637,0.41479697816066774,0.4313871588562314
835,2,4,False,True,0.23632950575817852,0.3417363334118743,0.09112268920056829,0.002098414086573128,0.47558113070249347,0.5663670494241821,0.2676171767879591,0.0038664853068046973,0.4905445401994817,0.54
836,2,4,False,True,0.1927736197955564,0.4579226711209478,0.2121168703079214,0.02366258086393732,0.4542838307648479,0.5330116932286221,0.1855318372161187,0.0007773029000785623,0.5266551933221977,0.53
837,2,4,False,True,0.3341149517848859,0.45013723116770205,0.19491152881874302,0.0002787845650502517,0.49489718617357437,0.55,0.2156370708399355,0.0005946579947814993,0.49725956086026335,0.5
838,2,4,False,True,0.22467014643372235,0.3230443439787725,0.308218484773885,0.5253178925362535,0.40476408003775005,0.3944050311761504,0.3964699668995668,0.004131847133203429,0.868210107146971,0.910308669680637
839,2,4,False,True,0.49426193137999846,0.1797342500605505,0.5184510782199292,0.00010505315006580242,0.5938597547166541,0.59,0.6378265944346807,0.04090713937759174,0.4425903549794128,0.38405314998789
840,2,4,False,True,0.4426501800445514,0.11408957041206785,0.29000342901653636,0.00024886525016714765,0.6267474946939243,0.57,0.3245028795115431,0.16690436780557547,0.4653241913321464,0.468054920284621
841,2,4,False,True,0.10742812067690544,0.3728044444961934,0.6946784249006186,0.23046099587848146,0.42964396577252284,0.41587459673293525,0.3019691242581068,0.0038651726436023243,0.7213601142216893,0.74
842,2,4,False,True,0.047919251815895625,0.11727770922906033,0.04048875813942008,0.030576796771455972,0.6837553836274097,0.6565195666102112,0.10502379973826863,0.25998304911686454,0.5155995106325421,0.4871622414158631
843,2,4,False,True,0.11240707968878277,0.15967124058155274,0.34335283160806634,0.7136385255386564,0.730224042453004,0.7726723893587208,0.0849315281123657,0.351349615304348,0.8292382544815889,0.8520986278255341
844,2,4,False,True,0.05077351941528219,0.2685958601228812,0.07327242295857936,0.2730476980231931,0.50298435940446,0.5444585364093026,0.49820287707993016,0.042213883027562765,0.7290300620385047,0.8485123311901696
845,2,4,False,True,0.030395545365437926,0.10262576423831521,0.32942909601600895,0.07842516529189084,0.7868685675728104,0.851185291844023,0.4055580694663917,0.49217736951915414,0.5397488557335731,0.4991882226755624
846,2,4,False,True,0.4104482824380482,0.2346315316646574,0.22602700715350527,0.002262408323464403,0.503111937900785,0.46,0.23230461931190613,0.021250416434794736,0.4804310236862786,0.5076536846833534
847,2,4,False,True,0.0533315872945887,0.21311020952812393,0.251337750399188,0.03218229599662146,0.48967962332129483,0.521200942860922,0.2403283269838329,0.03721416235800427,0.5302793820260082,0.5586889790471876
848,2,4,False,True,0.16871716282939858,0.3941965656054607,0.07102784174289911,0.05154873607706618,0.4502751817128448,0.4611950525492383,0.5014641277229793,0.007731439803322016,0.6095609360611426,0.5560580343439454
849,2,4,False,True,0.11201142919642737,0.4697608166368279,0.42895133899136395,0.08010577076912352,0.4782140158477503,0.4319971427008932,0.2966459009472163,0.005289641471733621,0.5869009852219143,0.6253023918336317
850,2,4,False,True,0.4472507280144252,0.16373365894274544,0.2264437215956793,0.0011816158784313364,0.6631084714327294,0.66,0.37910780877757355,0.19138221460965343,0.4425107348122515,0.4357919120854587
851,2,4,False,True,0.26292800390932314,0.2779141945696163,0.22703879347242467,5.774133530168546e-06,0.5044952655910085,0.52,0.46845264537851977,0.01276484319268923,0.48676656092536097,0.38722085805430384
852,2,4,False,True,0.19766845232956215,0.3307413733828264,0.5031152207498111,0.0988069334645041,0.44978379614161584,0.41639636310397443,0.4321484498718672,0.004365094073409166,0.6109232743436158,0.65
853,2,4,False,True,0.10293444750645342,0.27083973027495617,0.8217853214577755,0.3596156857071515,0.4410706693999411,0.4751512980709343,0.6585389509692183,0.02633868106856787,0.7507601818989091,0.7991664107890017
854,2,4,False,True,0.03229398928911498,0.12276923209966528,0.2300033405441227,0.003995535695259555,0.5677064576070452,0.6167594643914629,0.6944475934069452,0.05074915433387701,0.47125572278276406,0.48281230750604687
855,2,4,False,True,0.041092374686160504,0.49183344801198614,0.43232992620009486,0.22218357474942188,0.4827300992314138,0.4343848976192591,0.46391782561637535,0.002217335808917601,0.6261802162423556,0.61
856,2,4,False,True,0.3522343793789336,0.19137573633379318,0.15578476769685481,0.000731860016390396,0.5530137437377389,0.5,0.4094223855400122,0.02726939575155835,0.46233704779686957,0.4408624263666207
857,2,4,False,True,0.22195040068168803,0.4041466090033405,0.36271957384458664,0.03718104802204115,0.48476714154307904,0.4989024799659155,0.1537451726986347,0.011272453693818215,0.5282036061175546,0.5259585339099666
858,2,4,False,True,0.2673069032333216,0.48169874693648423,0.5427363573295435,0.01251921980810653,0.5016598243417769,0.5273269309676668,0.11503769677930989,6.240178581558479e-05,0.4980737916289825,0.52
859,2,4,False,True,0.1692589139132104,0.2594582284572947,0.5607608341797543,0.03406423508774881,0.46300347799613983,0.5412259846347542,0.10222542900096517,2.2742311464780366e-05,0.5120881129090166,0.58
860,2,4,False,True,0.4768542699648322,0.018181380181390816,0.13439574385980468,0.004996049610893994,0.7386235929752637,0.72,0.1584548947382033,0.24721456479885848,0.4976420267576217,0.5005456823056769
861,2,4,False,True,0.17608089381186498,0.4739529988479606,0.3506120470962924,0.11501416815901187,0.4718854948907951,0.4435878659282202,0.15477790216260576,4.031475915652324e-05,0.5795151175028801,0.57
862,2,4,False,True,0.21480323467086593,0.4348611228570749,0.1790162470724822,0.016098564978724604,0.47695668461959057,0.537111805919748,0.2090843651471967,0.001186419613470608,0.5116823888560003,0.53
863,2,4,False,True,0.1498970293536943,0.36309271789194164,0.6801810630055634,0.00029641279601549833,0.47953392163138053,0.5820123564775567,0.29140689795296065,0.000282809602134809,0.4919101238360053,0.49
864,2,4,False,True,0.22572065808813735,0.1741635497555019,0.43254744208733353,0.0094328441098641,0.542983502085665,0.6477427934191187,0.07971307042247691,0.033696211533104224,0.49663139595952327,0.5830334580097799
865,2,4,False,True,0.14189535082826538,0.3173858814077349,0.17739722215712223,0.26653073509352415,0.43209872794860377,0.46344383599475814,0.1921817164643046,0.02369238995834166,0.7536994362886037,0.7046091294873813
866,2,4,False,True,0.46253907785942644,0.057939070465975295,0.4451333334778356,0.0010503192182455708,0.5916736210430639,0.58,0.09370270993893633,0.08525479250542486,0.48145601014661704,0.4772534044974854
867,2,4,False,True,0.27441148168333707,0.23468934434770666,0.2985435139264509,0.018861754030518266,0.4856003062876165,0.48,0.1097533429182896,9.357206489385421e-05,0.5065602145080003,0.51
868,2,4,False,True,0.40955740437142907,0.4985773259993504,0.1281900228991576,0.007438484579656151,0.5011406029945372,0.44,0.31957052300262534,9.22139686898709e-05,0.5043515649414008,0.58
869,2,4,False,True,0.41799696550134957,0.0558266005827619,0.5171690594779759,0.0033521020563834947,0.5503766342898347,0.62,0.18475638076608708,0.05781585016741347,0.44904901317230905,0.5703143254813419
870,2,4,False,True,0.2260401178067616,0.49627579320823456,0.2640334280859683,0.015903077410701218,0.49237973628908704,0.4554791976438648,0.3041368685931787,0.00016371945348003924,0.509258565675621,0.54
871,2,4,False,True,0.28847010332155804,0.06700882455291068,0.12737504599642596,0.05113029929018143,0.8279182218287205,0.8567294845017663,0.29372193705548183,0.5027666817956143,0.4905960721567005,0.5098460289511901
872,2,4,False,True,0.1262034098976516,0.34820667703978236,0.059425500515892585,0.23338760971166359,0.4647874092353427,0.4897111816245636,0.1479903778640998,0.026753012560008074,0.6459779456359036,0.6230358664592043
873,2,4,False,True,0.31863350327583445,0.13553634803160597,0.3561524886707087,0.021676254664137185,0.6116572058703972,0.58,0.10661529238630278,0.16586251561116813,0.4901004883788771,0.39966954779525915
874,2,4,False,True,0.48612136417041973,0.03226865951064223,0.09950400298203792,3.84966353661927e-05,0.8265763694080761,0.79,0.19298827936799606,0.4801670141707646,0.4710318578944677,0.49708925174744417
875,2,4,False,True,0.08300312710689217,0.09323203428275989,0.526280160568973,0.18950561239524685,0.5798751413825044,0.6401584989886918,0.2767891205056169,0.16616631633060355,0.6276377808550884,0.6055041473153788
876,2,4,False,True,0.15250103873394488,0.048184590303127384,0.20365930463924356,0.0766699501265413,0.5658223639258533,0.6501748649645872,0.5239786149188791,0.04921898615264606,0.5397919593621485,0.5012080097817803
877,2,4,False,True,0.26886063049055897,0.07284724836046119,0.5446867502154771,0.034949279993387455,0.675401426261525,0.6019341810852832,0.09662405049627215,0.23471482611223757,0.4953995562759996,0.5094041556886063
878,2,4,False,True,0.4614620243670257,0.40321656776451975,0.12212687894173577,0.00024516772519607346,0.4927539531658862,0.41,0.18341357486882645,0.0006533267665201855,0.4961516369238123,0.49
879,2,4,False,True,0.43097230495085853,0.4875208398191506,0.218508636554735,1.5867209760439553e-05,0.499925930464554,0.49,0.13352490678737144,0.001066480649965677,0.502029949984434,0.44
880,2,4,False,True,0.02563213571987777,0.4493385083841149,0.10409475629889273,0.18033609125998085,0.48766914467807254,0.5769310778521102,0.25978663762178705,0.012514196671227893,0.6221960469099852,0.62
881,2,4,False,True,0.3326397213828567,0.2869149992079838,0.4970738008059545,0.000741002256909888,0.48973576097516,0.49,0.05817425000260207,0.00014720942481667983,0.49760720150467297,0.48
882,2,4,False,True,0.015928151563244286,0.4603557324253753,0.2379637785148331,0.13052856685154798,0.4829486416538959,0.4106023905776858,0.13003482265194238,0.002719200666484834,0.6416378656054477,0.65
883,2,4,False,True,0.4905588371103015,0.08787598443296674,0.19595791161469436,0.0004912553126772749,0.6495717146746464,0.65,0.0857968019027939,0.18341333490181497,0.4558376672386705,0.40748588575980227
884,2,4,False,True,0.4693667311609859,0.0343152652829149,0.021458635511986825,4.7844619062051877e-05,0.7645490132301423,0.8,0.45778902366621876,0.32504123651962435,0.4816128779882836,0.4928423673585425
885,2,4,False,True,0.0740285485623709,0.4791872436970305,0.38065940601306186,0.23744972742124432,0.4522355512787423,0.4407648692619434,0.6159044027082559,0.0013070507020763655,0.7342790884739512,0.64
886,2,4,False,True,0.3895359241613358,0.11752493961394922,0.18369803681028551,0.08587403306247199,0.5254190648352043,0.6005232037919331,0.30229214030129875,0.09498846284933325,0.5542048098307791,0.5000415205312573
887,2,4,False,True,0.43790103592227314,0.3705176734172094,0.46230658712200984,0.00015357834104146346,0.48951177813533997,0.53,0.20204897007696204,5.6660093376479356e-05,0.49043665404911524,0.49
888,2,4,False,True,0.09258179828028973,0.4731400760096688,0.41561071096252655,0.04418508960012594,0.4442950222171394,0.4618574648942493,0.1345118790655288,0.0003114577399653841,0.5139590918327788,0.59
889,2,4,False,True,0.12699366338245843,0.13337064709960117,0.5319633430737266,0.0602349731930849,0.6403211875230032,0.6487300633661754,0.45469659891066955,0.16346801381905948,0.5381723544092916,0.4613281094060558
890,2,4,False,True,0.11748919791739315,0.013523569271264857,0.3065740639237389,0.007069571018647348,0.6078146097831577,0.690026836354043,0.29352850897185734,0.1549380866490276,0.49059422167661526,0.5897220873538387
891,2,4,False,True,0.3019713008973874,0.032263525957345496,0.14777452799215113,0.01692954632708462,0.7021498216880531,0.7169802869910262,0.07871273439454256,0.2851472373799503,0.4813446705860263,0.44870607286815184
892,2,4,False,True,0.1689493371143076,0.33903571417970807,0.16501421067725103,0.02203166621745719,0.49114111661964754,0.4066210132577139,0.3984402889123725,0.006763628900341903,0.5110925357156638,0.46
893,2,4,False,True,0.34910532428495106,0.38086804734312446,0.08102797273084376,0.05664237025857467,0.4877365435051911,0.47,0.161866543257832,0.004496141571315043,0.5527438438460854,0.47
894,2,4,False,True,0.4215416971758751,0.0710264879897341,0.2174019539493056,0.0001411155150421241,0.6709246040598844,0.79,0.5061594612916716,0.14747957922736663,0.4594615905335847,0.454486756005133
895,2,4,False,True,0.16110795601320466,0.44124008180707014,0.2478070219327188,0.07163398372945387,0.4746804997675084,0.5103335226392077,0.27247099967848587,0.001689015811514976,0.5214350396727717,0.47
896,2,4,False,True,0.3346286504215581,7.42962644636469e-05,0.16564080065940137,0.05621277625291147,0.6222549666494958,0.5565371349578442,0.28951988607093637,0.16515512122314113,0.5280375391304656,0.5499375911378506
897,2,4,False,True,0.4614118143605714,0.4597957656020659,0.1653478915171463,8.544039952205161e-05,0.5065771763712787,0.5,0.325734475167944,0.00016944238213220702,0.49238040846879594,0.45
898,2,4,False,True,0.4738067717119589,0.4661241654065313,0.5444115174401549,0.000761444813860753,0.4927050057794049,0.52,0.31929240847042367,0.0002111450821348065,0.49747452683610566,0.54
899,2,4,False,True,0.1161350260290841,0.48553649733527077,0.191979595919936,0.1389358748329447,0.4446270053962342,0.5035459895883663,0.17308307345010285,5.41465659383499e-05,0.60927458795453,0.59
900,2,4,False,True,0.10739210799222265,0.04873065135852883,0.5891885530738245,0.47929932829972766,0.5947002575107441,0.625160234686144,0.6085989319773577,0.1701132513922175,0.8121837885692014,0.8058885440490299
901,2,4,False,True,0.03363907829906154,0.4568979806999444,0.7535360772539625,0.09170153803573046,0.4841199019510482,0.43721715024635666,0.15478717134276804,0.0001977778336969284,0.6554034448463202,0.55
902,2,4,False,True,0.45466518400755856,0.03263806150561155,0.15096064572842754,0.00029197107640171614,0.7129178705215803,0.79,0.2980946005656786,0.20714209551370874,0.48060155723617415,0.495639252937531
903,2,4,False,True,0.18593127599823617,0.16098851913417506,0.23089308483747334,0.048283127971324176,0.4778007966722258,0.3825627489600706,0.11688682362882079,0.0073631648589733475,0.5132230542928847,0.5903406888519495
904,2,4,False,True,0.4243538580735574,0.29886883010438164,0.5918620221334234,0.005846324875113167,0.508335427592182,0.63,0.5112429222688701,0.021143873312837916,0.4853478267794322,0.46402262339791234
905,2,4,False,True,0.13456302253830865,0.4167704647258635,0.4556033674639958,0.4239166458926349,0.43149190985493685,0.38810100963237804,0.7937642835592408,0.0003373911953041616,0.830899750884658,0.84
906,2,4,False,True,0.4837317966251804,0.29981742483635165,0.09947940111988095,0.00011571798565956692,0.518093924149112,0.54,0.4353325853039937,0.021549948694116795,0.49749505733203303,0.5710054772549094
907,2,4,False,True,0.3977652968034392,0.19375624154598686,0.2240462794987049,2.9652542010788685e-05,0.4965840224657538,0.52,0.6858155419920087,0.002783100172338741,0.5060305744434775,0.59
908,2,4,False,True,0.145782396562677,0.4384809800440873,0.1524874131384522,0.01806776333438847,0.46073245710439714,0.49230134465309144,0.0984279694150118,0.00011624058029325018,0.4932407089618633,0.46
909,2,4,False,True,0.4657576880099447,0.15888453165109867,0.19570809815606244,0.0033085111441676423,0.5447451811783434,0.5353424231199005,0.15037860049732674,0.047545027419404036,0.48205460740204287,0.440466928100934
910,2,4,False,True,0.04792801459973994,0.08774372128774743,0.18948751702056837,0.1297993990770476,0.8733044937117603,0.886994552992125,0.20510071232534893,0.5843344801703492,0.6264984735444966,0.6113927626333912
911,2,4,False,True,0.4249838957452347,0.003938847209785101,0.05916047266829687,0.0012720242351316321,0.6765000644170189,0.61,0.41395253232638424,0.2368260300515497,0.49243492925873095,0.4270852530647589
912,2,4,False,True,0.38427359959291113,0.2498629777856457,0.5386605992194173,0.005131096604241517,0.486075212007124,0.51,0.2232989320995212,0.0017479580487711102,0.46956707296790856,0.5500054808885741
913,2,4,False,True,0.10687380524806345,0.1006197576031071,0.42331401820703557,0.0014845183669304962,0.4825088096652283,0.4922128106355035,0.17183822856458916,0.03169487841156431,0.4754435657169565,0.4689318266636582
914,2,4,False,True,0.15897333028413174,0.4596272405040577,0.17920832792402125,0.15871542587735654,0.4474444517015656,0.505487467520443,0.08043648597224558,0.001609859390865633,0.6754372673822862,0.68
915,2,4,False,True,0.11007002451972114,0.1826010620694687,0.6314901651735965,0.2786740848860187,0.5709034237413776,0.5761593857785617,0.34447931633649415,0.1641696016683361,0.715897872119911,0.7480878725516638
916,2,4,False,True,0.19919712665494393,0.06201612892419206,0.15499190590770653,0.044023474559854586,0.5211410014668081,0.5960963448014067,0.7855480777317034,0.011586774474790009,0.48386710489696805,0.570929838777759
917,2,4,False,True,0.11902986973281915,0.3286528161895744,0.06354894725287936,0.15389413841692276,0.552973316329257,0.5761940260534362,0.2676367575498366,0.09534133952640562,0.6267437130252284,0.6269943028667297
918,2,4,False,True,0.4882680610864753,0.27797449511691846,0.10415036514828227,0.00021884573273213724,0.5243305030411751,0.52,0.11687974058264014,0.052489322446717654,0.4777695827913274,0.47166076514649247
919,2,4,False,True,0.24469390229559068,0.46607525969210223,0.32846683365860174,5.889072471532892e-05,0.48801485707357234,0.47,0.22722502325804986,0.0011644347157135785,0.4929840807081245,0.52
920,2,4,False,True,0.4875108326884877,0.02017332811417244,0.1692397036231702,0.0010993764101984306,0.8786136947532887,0.87,0.1377200676398785,0.5804512890613145,0.48364701904068313,0.4770890700069297
921,2,4,False,True,0.03332876109958327,0.35737757997182523,0.4390760119760168,0.13536765400666095,0.472344136957097,0.5620038406763501,0.4460842012405749,0.0005771279616451807,0.6716780315660648,0.64
922,2,4,False,True,0.24926245529146362,0.31207077622990487,0.1076989278612424,9.696970959514984e-05,0.4963014750894171,0.58,0.5937799630707538,0.002680883994311337,0.48508959360818316,0.47375858447540187
923,2,4,False,True,0.4532785167464059,0.28201395166226695,0.06579090341878671,0.0006429258147483576,0.5238214758564593,0.54,0.23393224278711017,0.018921629153829424,0.4919375735703642,0.421539581450132
924,2,4,False,True,0.39755271546376564,0.22717950372288642,0.1532020731037995,0.001784103940980402,0.5218892996812377,0.5,0.3693357323089835,0.04487106772833975,0.4779548196575268,0.5231846148883134
925,2,4,False,True,0.4429433878568907,0.13376542447306233,0.20138833763127537,0.014529882456493297,0.673927019018576,0.6055705661214311,0.2183812294878249,0.17255830350079507,0.46383265609777646,0.42324691510538753
926,2,4,False,True,0.24076068136304357,0.4303941330922796,0.12548751070762076,0.004350523557620802,0.481686257358705,0.43518478637273916,0.32124692556846646,0.003530199754022527,0.5037037140280649,0.55
927,2,4,False,True,0.3733265881178512,0.12365436013992559,0.057866727150998255,0.0017978979660360273,0.4986066936475286,0.41,0.22115335758350335,0.002853226327206962,0.48164369988635725,0.500107651188806
928,2,4,False,True,0.3317534443268454,0.043003683799139936,0.7120696137618049,0.03622583058602295,0.6429668362790851,0.6767298622269261,0.2521822259998358,0.14020627365663607,0.5055242629499554,0.47978826861440416
929,2,4,False,True,0.3258596200611258,0.387761257958903,0.2695094662532475,0.0007612419953861543,0.4947550071018228,0.46,0.27153255398424087,0.0006221923558265185,0.49567140271657256,0.49
930,2,4,False,True,0.3217652229436768,0.471117425056984,0.8628236442198777,9.568673761271249e-05,0.4948432303820351,0.49,0.25438110051521573,0.001243568770702573,0.4998395359823234,0.5
931,2,4,False,True,0.008060847372069968,0.49734108167868996,0.40402866867960646,0.25480312042864417,0.5005972689323649,0.4433901051549027,0.36331287989266375,3.197540211374959e-08,0.724102127134657,0.62
932,2,4,False,True,0.41815679565802044,0.41809282486094207,0.11634713145267199,0.0003794158846302392,0.505263686408684,0.48,0.4765219468496166,0.0023908236367085082,0.49171687089829264,0.52
933,2,4,False,True,0.43609658855851374,0.21068325004498084,0.3439960132178408,0.0008991269827178417,0.575422539210892,0.57,0.2641478701018146,0.10563828383497871,0.3374273137155897,0.2493763849721119
934,2,4,False,True,0.3013103404276569,0.2606562859874086,0.22586538260419475,0.012290883362439286,0.4992379862808154,0.47698689659572346,0.146799190162902,0.0031060633607523235,0.5052324426775753,0.5073934371401259
935,2,4,False,True,0.006867217819688687,0.2176102272295406,0.1963389471507294,0.024291206918720682,0.49378663873546585,0.4443002092096583,0.2515418421794366,0.02114027632605559,0.556062384546871,0.6756477954554092
936,2,4,False,True,0.1376335902140048,0.002681222678873496,0.29352328818508655,0.03304222328833726,0.7701253353614812,0.793849617859339,0.08025242249018665,0.3394936583959121,0.5396564104978504,0.5879354585372674
937,2,4,False,True,0.4401815756982175,0.22978883757067697,0.07973001969981072,0.002020465342548845,0.5275580026673197,0.5255981842430179,0.2348574894377256,0.0327759011899528,0.4876024359735835,0.5385105581214661
938,2,4,False,True,0.4007043468954901,0.23358460777234102,0.1800175467533591,0.008253321950630063,0.561867814798708,0.48,0.29919889782733067,0.05151751235815584,0.477653917713231,0.4829924617668297
939,2,4,False,True,0.31414957298368645,0.16884420789401405,0.5271410489116612,0.007011563355646174,0.5183872799106876,0.56,0.10511909593956395,0.023614537299891755,0.4528363858346884,0.4679196005001374
940,2,4,False,True,0.08215748538396761,0.35951901855946566,0.24354517485954497,0.10036347323504974,0.47441383772974804,0.4919253532155271,0.2012232898380894,0.005830247819220661,0.5969878959496684,0.58
941,2,4,False,True,0.31907691115115944,0.31625336668533877,0.16539114550599204,0.03382280144929732,0.5179092927894932,0.52,0.2680943248825417,0.026746296989414296,0.5070320135627153,0.4536749326662932
942,2,4,False,True,0.24500924424562492,0.3335856452391557,0.2071526909308187,0.00023575110227063464,0.5027967282191786,0.5475499075575437,0.17006940322074562,0.003233322452996149,0.49642980096665185,0.54
943,2,4,False,True,0.13706303603255438,0.15078790378336981,0.23335203716754896,0.03449020831080879,0.48079243426082796,0.4462936963967446,0.5353256399360624,0.002392745061966994,0.5046886521233914,0.48944484673516414
944,2,4,False,True,0.3656825664580695,0.42034843096964025,0.7435496745553986,0.0027233415415256444,0.49056258387529417,0.57,0.27900699168462173,0.0017758432904823806,0.4995243623744427,0.47
945,2,4,False,True,0.4535462597674911,0.21661700819329727,0.09350493047153377,0.00011585020888660861,0.49997432598437197,0.56,0.260553250538751,0.0029569122173365124,0.48971573680344443,0.515667659836134
946,2,4,False,True,0.42623716941536843,0.16472286618187726,0.3075324011403927,0.0019411473873567342,0.5192572360827571,0.52,0.3856833204575521,0.01793978842949237,0.4929863047415247,0.5250583140145437
947,2,4,False,True,0.36940887038843145,0.2809020997746646,0.2688454793383846,0.00825953219290675,0.5208976846849503,0.46,0.7709862585703898,0.05069523227932825,0.4734244347998746,0.4659548950112668
948,2,4,False,True,0.1858086336228547,0.20010352973051043,0.1808123844879252,0.0028451374759583055,0.7411295989424665,0.783277222973943,0.2956375183190064,0.3188190236948978,0.4465890549635504,0.40397618816198255
949,2,4,False,True,0.05420915278227212,0.33663094186634773,0.2578534791432592,0.09960315521828886,0.49285338884733876,0.5826530711096729,0.13754392008400376,0.005135421940504728,0.6150010167697098,0.7
950,2,4,False,True,0.11076203563955284,0.20420604182461982,0.2133054477424244,0.11732433713366765,0.5365081469552891,0.5834485282389476,0.08810438597222867,0.07624637220028328,0.6117309651437951,0.5834532145627995
951,2,4,False,True,0.29348992164253307,0.19248535089668345,0.23077925116292525,0.0193048845507284,0.7436685110835151,0.6723906047014481,0.43681615056212103,0.3119133255438018,0.4548830675904141,0.3957283692937628
952,2,4,False,True,0.35503663695717846,0.31370287686025145,0.22865445392033706,0.006423401721292307,0.48561880023411785,0.5264496336304282,0.5077730618666876,4.8113101311924465e-05,0.5095471130955354,0.49
953,2,4,False,True,0.37911779000851964,0.22265834825104053,0.147135824823409,0.00195036337119285,0.5376664992709566,0.49,0.4073285223950636,0.03932150525140521,0.46170904431563603,0.488867082587448
954,2,4,False,True,0.3802472872719761,0.4728295640608099,0.3615587738113123,0.0005637206700333281,0.492740986122185,0.5,0.1205276287882781,0.0013707030460452904,0.49540324765656896,0.47
955,2,4,False,True,0.45756492070869337,0.2887479024047528,0.29901339884555866,0.00403341802082184,0.7534003669678186,0.71,0.10164019427782445,0.3255274046945063,0.4069569579217192,0.41246277268738213
956,2,4,False,True,0.21259797744782938,0.4075478115811547,0.15030711960085724,0.04052355965750817,0.5055882597654981,0.4802362831573038,0.1708317566976727,0.03821385379167769,0.5350229885122114,0.5577735656525654
957,2,4,False,True,0.20546202800103835,0.37477866905183965,0.1124328685675928,0.03870645070609442,0.4980747549427534,0.47589075943997927,0.13976782011995142,0.011934123346076147,0.5031156207663691,0.55
958,2,4,False,True,0.4301884319900545,0.31345565242336854,0.11708411955485946,0.03228787131514092,0.6010584990963431,0.64,0.21965431823791395,0.13803811452036877,0.48326391509491234,0.43178899128189685
959,2,4,False,True,0.46141368531817295,0.22743429036721136,0.421193249950378,0.0038520646027109646,0.5731546696769001,0.54,0.0742952352926867,0.08780059871150997,0.4738171967217674,0.4886282854816394
960,2,4,False,True,0.46042332755761517,0.138477354735473,0.22716949778126475,0.0050789063498196995,0.6624928673760736,0.63,0.22731604340303732,0.18267023875853944,0.46941193666766684,0.434767490979098
961,2,4,False,True,0.18813730067389667,0.09156262730894593,0.8,0.013788520249449536,0.5767194599375328,0.4943558809797831,0.5517534271579698,0.0674917866187166,0.45269715558768586,0.5495686659760958
962,2,4,False,True,0.43315739779064866,0.3680049161803397,0.36683703144930646,0.0006625097716443897,0.4943973176281746,0.49,0.6659490166320085,0.0001831697117033525,0.495659184759841,0.52
963,2,4,False,True,0.04636768643385325,0.05112295959796459,0.3324392918510222,0.5829006397588496,0.59618527349273,0.4789336500893184,0.509748567335629,0.10523864078641106,0.8269800649421666,0.8747251578774043
964,2,4,False,True,0.30449497985739493,0.4197263809444557,0.28591297724912945,0.00015999407145457216,0.4789880590393584,0.5108651506042782,0.042852370169414136,8.4556329742848e-08,0.48999632834286666,0.57
965,2,4,False,True,0.1703116293865895,0.29934552577619483,0.20177663877484164,0.07002007794520268,0.47793450210955796,0.5414844185306705,0.17886366324836572,0.006037653300156397,0.5783328276947866,0.684013089484476
966,2,4,False,True,0.3136742065247961,0.04445337785502984,0.1547148227067841,0.0016797689413390563,0.6494002615467234,0.69,0.2574180137115665,0.1135247527965702,0.48353014410575434,0.41533038530784017
967,2,4,False,True,0.044966629028791394,0.25306336395881374,0.3471528380804596,0.1556982557845371,0.5234008763653316,0.558973025970134,0.14108994663127622,0.07868568176014117,0.6801957407914184,0.6398774654416474
968,2,4,False,True,0.4226181882605191,0.007661139077738854,0.39030839820003244,0.006121686209996322,0.8165625090232647,0.86,0.3851202703566817,0.37512065803326045,0.48941268023918383,0.44287514065770284
969,2,4,False,True,0.17180286377538262,0.30595114985574057,0.2824889328964872,0.00013130643615121853,0.4684455156891552,0.5062557708979694,0.43312966925500407,0.003928051253593931,0.4943883522922216,0.47694048850144255
970,2,4,False,True,0.042138241803511334,0.33312951062389234,0.4250299067936851,0.10049064880066075,0.5081246249765754,0.529044057131087,0.1196150614649647,0.022546590713915817,0.5717099669304917,0.6166687048937611
971,2,4,False,True,0.32594571904343606,0.29440889372423934,0.0837131636598234,0.0217216432647764,0.5339491407396271,0.53,0.20000000000000004,0.06501337565904715,0.4900239338382955,0.5123354663765457
972,2,4,False,True,0.40248279346617233,0.33895787443180503,0.5071520667728708,0.0015112104414904623,0.4945705653848286,0.53,0.08128359867446061,1.1901650064072693e-10,0.49879325055068185,0.47
973,2,4,False,True,0.38297504541532734,0.03927683918536018,0.04592430504791718,0.005679282394354552,0.4942830096185113,0.53,0.5659811805654812,0.0009847204954253064,0.4767728664534557,0.4838964959340022
974,2,4,False,True,0.2750204668479658,0.47178023984676987,0.59165182418757,0.010687155389267561,0.4844942181664077,0.451749385994561,0.27172500808968153,0.0018624673031742082,0.5023128790406128,0.51
975,2,4,False,True,0.30655970821042744,0.3121625723919107,0.14054791459878097,0.00433116901899598,0.48591043865280226,0.4838688058357914,0.8056482487217403,0.01125470305877465,0.49855566878381585,0.5368783742760809
976,2,4,False,True,0.4580398975634624,0.4017049900711125,0.1500342153848338,0.00011879820856848373,0.5080755281843858,0.55,0.46736722276870024,0.001096752399217847,0.49145130455063735,0.5
977,2,4,False,True,0.4781825788356884,0.01856247495586605,0.06192792862217387,6.505308821047295e-05,0.7330739991632808,0.75,0.41870899645639986,0.3006896552315931,0.4866758314649069,0.390161888273391
978,2,4,False,True,0.4798560845103782,0.06344699890171873,0.059955573814540454,9.062544490320645e-05,0.5285282014816854,0.5,0.27670727459818945,0.016997896781250167,0.4779950686666627,0.4666761302306391
979,2,4,False,True,0.14216890838657115,0.45709137049534937,0.3264616492657691,0.2484944976450421,0.4601840241993882,0.5445059493162971,0.41695273063289695,0.006660276429070039,0.7381205045691457,0.8154290862950465
980,2,4,False,True,0.2935901457955692,0.11327318361499655,0.5322086338646292,0.02222023556419196,0.5211730660635195,0.5011922956261329,0.04120583720393496,0.030111467834346813,0.49423640594500295,0.48980541347465034
981,2,4,False,True,0.4265564441436924,0.055310380535339876,0.32918184457901073,0.006212638831057425,0.6607624024918061,0.75,0.3873659624651806,0.1216435661313517,0.46715722495374373,0.5123448097323301
982,2,4,False,True,0.4581125092652402,0.188331586986818,0.5884935766008299,0.00036248814679586025,0.5368049837157186,0.54,0.46282364421987754,0.051552872352761535,0.46703061030389065,0.5336335778218454
983,2,4,False,True,0.3145259287517563,0.2073134779199598,0.6574141213474414,0.0055342199576095584,0.5085321718269845,0.52,0.7455978403339243,0.03504158549398911,0.4955196696671058,0.5179268652208004
984,2,4,False,True,0.2273708690170222,0.2600200415725077,0.5,0.19826500204684153,0.45833917944095803,0.42997840881625504,0.2604468100780985,0.010963156750332811,0.6787784567989169,0.7817985970899244
985,2,4,False,True,0.19992111562526904,0.0034792047230572942,0.3683187436435234,0.040280553895149014,0.7161680619830975,0.7660055219062312,0.405796045234848,0.3064840414208791,0.5165792619065692,0.527147052127093
986,2,4,False,True,0.33481745404934715,0.40472961295179116,0.7780299189412561,7.428873456330183e-05,0.4954058771000871,0.5466518254595065,0.09747831866928229,0.0036486153405464634,0.4951859467867471,0.56
987,2,4,False,True,0.3805561292716968,0.08376839714929779,0.34243303093467026,0.002677266383701749,0.499511386192423,0.51,0.07271418815162042,0.004524332221411087,0.46277949476800834,0.5698433770262529
988,2,4,False,True,0.00614990692735945,0.3771082273716948,0.18881446565037063,0.14457964953022948,0.49405541199637465,0.49747853815978255,0.12833065046876216,3.877780578213159e-05,0.6606720484816797,0.73
989,2,4,False,True,0.06082875247029168,0.4658513821887836,0.25510573840789036,0.5552180595200433,0.47676082291727445,0.4399265116848038,0.485158172397667,0.004859156767167336,0.8608551456252366,0.84
990,2,4,False,True,0.1442389089497207,0.06549625251667446,0.11073225609564223,0.32183372910188013,0.5843965292238392,0.5866316036886033,0.5514200735160669,0.23399417777730927,0.6648959604949188,0.6603511242449978
991,2,4,False,True,0.07194595435482132,0.01146120463806305,0.26380442240474833,0.35176942298563324,0.7609191038910572,0.722660537345168,0.40646443278531147,0.3801285603780569,0.7864989211677732,0.8123209928924976
992,2,4,False,True,0.28009220073654245,0.15121087275977535,0.3025618372033877,0.010967821842711698,0.5921425985488045,0.5443981559852691,0.1459144793738302,0.1615923271784882,0.4641851730824584,0.47429415163083816
993,2,4,False,True,0.35005940194559726,0.2503807765863998,0.219944410729941,1.6292475476446574e-08,0.6648799287176653,0.56,0.3803254295945499,0.20010277750782163,0.45132475854652737,0.602458114575496
994,2,4,False,True,0.1949242946917587,0.020941678187783364,0.05306916222086265,0.173303201008964,0.6490634669394394,0.6968628699024009,0.3159390110951147,0.1616924148681112,0.6326811205657963,0.5770161595235743
995,2,4,False,True,0.007574541143245572,0.29787304935854286,0.7107480782718476,0.5886333787962842,0.5468552913709618,0.5459097477826473,0.15198856200121233,0.08720469315738588,0.845368005776779,0.9080850780256583
996,2,4,False,True,0.3683914828870794,0.14669732375480643,0.3947060667123852,0.012135424469511893,0.5273583796806519,0.51,0.40801607542352886,0.03254275542618207,0.49186859118179954,0.3882642140996155
997,2,4,False,True,0.023207232858668936,0.4413890292044833,0.5920060788356977,0.24809462469967056,0.47170211854697736,0.4205059243987182,0.44293720290174765,0.0012571308740429357,0.7552137493685798,0.79
998,2,4,False,True,0.07301451662848557,0.4102767531950929,0.5018932467128562,0.46533351257088973,0.4560838603926377,0.47641332235089673,0.06512164678574542,0.0023524056116768924,0.8533665608833855,0.88
999,2,4,False,True,0.03512723218564057,0.2959663267253289,0.458259980196425,0.01668381829882853,0.4558293111278652,0.43400584818262594,0.2523875426293536,3.1791393315018535e-05,0.5107940863190925,0.4581613469309868
